code,date,close
1976,2025-08-04,1560.96
1976,2025-08-11,1559.03
1976,2025-08-18,1555.18
1976,2025-08-25,1569.63
1976,2025-09-01,1619.74
1976,2025-09-08,1589.87
1976,2025-09-15,1607.21
1976,2025-09-22,1594.68
1976,2025-09-29,1559.57
1976,2025-10-06,1564.45
1976,2025-10-13,1597.61
1976,2025-10-20,1617.12
1976,2025-10-27,1612.24
1976,2025-11-03,1543.97
1976,2025-11-10,1559.57
1976,2025-11-17,1621.02
1976,2025-11-24,1635.65
1976,2025-12-01,1593.71
1976,2025-12-08,1663.93
1976,2025-12-15,1652.23
1976,2025-12-22,1654.18
1976,2025-12-29,1654.18
1976,2026-01-05,1716.6
1976,2026-01-12,1774.15
1976,2026-01-19,1738.06
1976,2026-01-26,1679.54
1976,2026-02-02,1725.38
1976,2026-02-09,1786.83
1976,2026-02-16,1892.16
1976,2026-02-23,1980.92
1976,2026-03-02,1854.13
1976,2026-03-09,1792.68
1976,2026-03-16,1803.41
1976,2026-03-23,1780.0
1976,2026-03-30,1779.0
1976,2026-04-06,1924.0
1976,2026-04-13,1843.0
1976,2026-04-20,1804.0
1976,2026-04-27,1826.0
1976,2026-05-04,1790.0
1976,2026-05-11,1780.0
1976,2026-05-18,1740.0
1976,2026-05-25,1738.0
1976,2026-06-01,1687.0
1976,2026-06-08,1688.0
1976,2026-06-15,1820.0
1976,2026-06-22,1835.0
1976,2026-06-29,1847.0
1976,2026-07-06,1837.0
1976,2026-07-13,1850.0
1976,2026-07-20,1952.0
1976,2026-07-27,2038.0
2371,2025-08-04,2767.8
2371,2025-08-11,2817.19
2371,2025-08-18,2781.98
2371,2025-08-25,2693.96
2371,2025-09-01,2625.99
2371,2025-09-08,2643.1
2371,2025-09-15,2588.82
2371,2025-09-22,2539.92
2371,2025-09-29,2427.34
2371,2025-10-06,2516.22
2371,2025-10-13,2523.63
2371,2025-10-20,2694.96
2371,2025-10-27,2714.71
2371,2025-11-03,2435.24
2371,2025-11-10,2449.07
2371,2025-11-17,2387.84
2371,2025-11-24,2275.26
2371,2025-12-01,2262.43
2371,2025-12-08,2193.79
2371,2025-12-15,2196.26
2371,2025-12-22,2325.63
2371,2025-12-29,2283.17
2371,2026-01-05,2309.33
2371,2026-01-12,2269.34
2371,2026-01-19,2218.98
2371,2026-01-26,2083.68
2371,2026-02-02,1823.96
2371,2026-02-09,1623.99
2371,2026-02-16,1652.63
2371,2026-02-23,1700.03
2371,2026-03-02,1789.4
2371,2026-03-09,1871.37
2371,2026-03-16,1900.5
2371,2026-03-23,1979.5
2371,2026-03-30,2225.5
2371,2026-04-06,1990.0
2371,2026-04-13,2144.5
2371,2026-04-20,2750.0
2371,2026-04-27,2581.5
2371,2026-05-04,2914.5
2371,2026-05-11,3528.0
2371,2026-05-18,3412.0
2371,2026-05-25,3340.0
2371,2026-06-01,3336.0
2371,2026-06-08,3307.0
2371,2026-06-15,3321.0
2371,2026-06-22,3310.0
2371,2026-06-29,3564.0
2371,2026-07-06,3630.0
2371,2026-07-13,3615.0
2371,2026-07-20,3673.0
2371,2026-07-27,3690.0
2436,2025-08-04,464.01
2436,2025-08-11,444.29
2436,2025-08-18,452.67
2436,2025-08-25,457.11
2436,2025-09-01,464.5
2436,2025-09-08,446.26
2436,2025-09-15,457.11
2436,2025-09-22,449.22
2436,2025-09-29,435.9
2436,2025-10-06,422.1
2436,2025-10-13,414.7
2436,2025-10-20,422.59
2436,2025-10-27,417.66
2436,2025-11-03,413.22
2436,2025-11-10,423.08
2436,2025-11-17,419.14
2436,2025-11-24,424.07
2436,2025-12-01,495.08
2436,2025-12-08,477.32
2436,2025-12-15,477.32
2436,2025-12-22,500.5
2436,2025-12-29,495.5
2436,2026-01-05,497.5
2436,2026-01-12,512.5
2436,2026-01-19,520.5
2436,2026-01-26,505.0
2436,2026-02-02,499.5
2436,2026-02-09,510.5
2436,2026-02-16,512.5
2436,2026-02-23,512.0
2436,2026-03-02,519.5
2436,2026-03-09,502.5
2436,2026-03-16,500.0
2436,2026-03-23,497.5
2436,2026-03-30,508.5
2436,2026-04-06,500.0
2436,2026-04-13,493.5
2436,2026-04-20,482.5
2436,2026-04-27,499.5
2436,2026-05-04,509.0
2436,2026-05-11,511.5
2436,2026-05-18,505.5
2436,2026-05-25,526.0
2436,2026-06-01,520.0
2436,2026-06-08,507.5
2436,2026-06-15,513.0
2436,2026-06-22,519.0
2436,2026-06-29,610.0
2436,2026-07-06,609.0
2436,2026-07-13,601.0
2436,2026-07-20,595.0
2436,2026-07-27,636.0
2492,2025-08-04,432.67
2492,2025-08-11,400.22
2492,2025-08-18,367.77
2492,2025-08-25,366.79
2492,2025-09-01,350.07
2492,2025-09-08,348.1
2492,2025-09-15,345.15
2492,2025-09-22,338.27
2492,2025-09-29,314.67
2492,2025-10-06,316.64
2492,2025-10-13,310.74
2492,2025-10-20,324.5
2492,2025-10-27,322.54
2492,2025-11-03,329.42
2492,2025-11-10,338.27
2492,2025-11-17,346.14
2492,2025-11-24,353.02
2492,2025-12-01,367.77
2492,2025-12-08,392.35
2492,2025-12-15,395.3
2492,2025-12-22,421.86
2492,2025-12-29,420.08
2492,2026-01-05,418.1
2492,2026-01-12,447.82
2492,2026-01-19,456.74
2492,2026-01-26,447.82
2492,2026-02-02,378.47
2492,2026-02-09,361.63
2492,2026-02-16,365.59
2492,2026-02-23,399.28
2492,2026-03-02,416.12
2492,2026-03-09,395.31
2492,2026-03-16,396.3
2492,2026-03-23,426.03
2492,2026-03-30,466.65
2492,2026-04-06,424.04
2492,2026-04-13,464.67
2492,2026-04-20,437.92
2492,2026-04-27,394.32
2492,2026-05-04,417.11
2492,2026-05-11,390.36
2492,2026-05-18,372.53
2492,2026-05-25,387.39
2492,2026-06-01,366.58
2492,2026-06-08,360.64
2492,2026-06-15,399.28
2492,2026-06-22,352.71
2492,2026-06-29,479.0
2492,2026-07-06,490.0
2492,2026-07-13,489.0
2492,2026-07-20,521.0
2492,2026-07-27,569.0
2666,2025-08-04,151.0
2666,2025-08-11,151.97
2666,2025-08-18,154.9
2666,2025-08-25,153.92
2666,2025-09-01,159.77
2666,2025-09-08,156.85
2666,2025-09-15,159.77
2666,2025-09-22,157.82
2666,2025-09-29,159.77
2666,2025-10-06,156.85
2666,2025-10-13,153.92
2666,2025-10-20,153.92
2666,2025-10-27,151.97
2666,2025-11-03,154.9
2666,2025-11-10,156.85
2666,2025-11-17,151.0
2666,2025-11-24,153.92
2666,2025-12-01,151.97
2666,2025-12-08,150.03
2666,2025-12-15,151.0
2666,2025-12-22,153.92
2666,2025-12-29,155.87
2666,2026-01-05,161.72
2666,2026-01-12,160.74
2666,2026-01-19,168.54
2666,2026-01-26,166.59
2666,2026-02-02,174.38
2666,2026-02-09,172.43
2666,2026-02-16,166.59
2666,2026-02-23,172.43
2666,2026-03-02,164.64
2666,2026-03-09,161.72
2666,2026-03-16,156.85
2666,2026-03-23,151.0
2666,2026-03-30,157.0
2666,2026-04-06,166.0
2666,2026-04-13,164.0
2666,2026-04-20,167.0
2666,2026-04-27,169.0
2666,2026-05-04,163.0
2666,2026-05-11,161.0
2666,2026-05-18,159.0
2666,2026-05-25,160.0
2666,2026-06-01,157.0
2666,2026-06-08,157.0
2666,2026-06-15,167.0
2666,2026-06-22,170.0
2666,2026-06-29,168.0
2666,2026-07-06,176.0
2666,2026-07-13,175.0
2666,2026-07-20,189.0
2666,2026-07-27,194.0
2737,2025-08-04,5760.14
2737,2025-08-11,5913.24
2737,2025-08-18,5941.94
2737,2025-08-25,5989.78
2737,2025-09-01,6066.33
2737,2025-09-08,6267.27
2737,2025-09-15,6420.36
2737,2025-09-22,6496.91
2737,2025-09-29,6611.73
2737,2025-10-06,6831.8
2737,2025-10-13,6870.07
2737,2025-10-20,7233.67
2737,2025-10-27,9032.52
2737,2025-11-03,9558.78
2737,2025-11-10,10381.66
2737,2025-11-17,10075.47
2737,2025-11-24,11194.96
2737,2025-12-01,11166.26
2737,2025-12-08,11194.96
2737,2025-12-15,11204.53
2737,2025-12-22,12333.6
2737,2025-12-29,12658.92
2737,2026-01-05,12036.98
2737,2026-01-12,13060.79
2737,2026-01-19,13979.35
2737,2026-01-26,11233.24
2737,2026-02-02,11635.11
2737,2026-02-09,11922.16
2737,2026-02-16,12869.42
2737,2026-02-23,13395.68
2737,2026-03-02,12046.55
2737,2026-03-09,11816.91
2737,2026-03-16,11807.34
2737,2026-03-23,11970.0
2737,2026-03-30,11960.0
2737,2026-04-06,12100.0
2737,2026-04-13,11800.0
2737,2026-04-20,14620.0
2737,2026-04-27,15070.0
2737,2026-05-04,16420.0
2737,2026-05-11,14600.0
2737,2026-05-18,14990.0
2737,2026-05-25,13990.0
2737,2026-06-01,14680.0
2737,2026-06-08,14490.0
2737,2026-06-15,16130.0
2737,2026-06-22,18470.0
2737,2026-06-29,16730.0
2737,2026-07-06,15690.0
2737,2026-07-13,15120.0
2737,2026-07-20,16520.0
2737,2026-07-27,21150.0
2805,2025-08-04,3121.4
2805,2025-08-11,3047.32
2805,2025-08-18,3126.34
2805,2025-08-25,3368.35
2805,2025-09-01,3353.53
2805,2025-09-08,3432.55
2805,2025-09-15,3328.84
2805,2025-09-22,3437.49
2805,2025-09-29,3287.3
2805,2025-10-06,3232.6
2805,2025-10-13,3242.54
2805,2025-10-20,3242.54
2805,2025-10-27,3317.14
2805,2025-11-03,3327.09
2805,2025-11-10,3396.71
2805,2025-11-17,3481.26
2805,2025-11-24,3555.85
2805,2025-12-01,3501.15
2805,2025-12-08,3680.19
2805,2025-12-15,3918.9
2805,2025-12-22,3908.95
2805,2025-12-29,4008.42
2805,2026-01-05,3918.9
2805,2026-01-12,4028.31
2805,2026-01-19,4386.38
2805,2026-01-26,4346.6
2805,2026-02-02,4431.14
2805,2026-02-09,4341.62
2805,2026-02-16,4421.2
2805,2026-02-23,4600.23
2805,2026-03-02,4550.5
2805,2026-03-09,4421.2
2805,2026-03-16,4530.61
2805,2026-03-23,4829.0
2805,2026-03-30,4995.0
2805,2026-04-06,5080.0
2805,2026-04-13,4720.0
2805,2026-04-20,4560.0
2805,2026-04-27,4550.0
2805,2026-05-04,4450.0
2805,2026-05-11,4960.0
2805,2026-05-18,5350.0
2805,2026-05-25,5630.0
2805,2026-06-01,4920.0
2805,2026-06-08,5190.0
2805,2026-06-15,5360.0
2805,2026-06-22,5240.0
2805,2026-06-29,5430.0
2805,2026-07-06,5810.0
2805,2026-07-13,5980.0
2805,2026-07-20,6300.0
2805,2026-07-27,6600.0
2892,2025-08-04,3456.09
2892,2025-08-11,3456.09
2892,2025-08-18,3412.83
2892,2025-08-25,3379.18
2892,2025-09-01,3557.04
2892,2025-09-08,3547.42
2892,2025-09-15,3508.97
2892,2025-09-22,3504.16
2892,2025-09-29,3376.74
2892,2025-10-06,3406.14
2892,2025-10-13,3425.75
2892,2025-10-20,3518.86
2892,2025-10-27,3460.05
2892,2025-11-03,3499.26
2892,2025-11-10,3464.95
2892,2025-11-17,3474.76
2892,2025-11-24,3533.57
2892,2025-12-01,3533.57
2892,2025-12-08,3548.27
2892,2025-12-15,3906.04
2892,2025-12-22,4028.56
2892,2025-12-29,3959.95
2892,2026-01-05,4028.56
2892,2026-01-12,4043.26
2892,2026-01-19,4082.47
2892,2026-01-26,3734.5
2892,2026-02-02,3734.5
2892,2026-02-09,3768.81
2892,2026-02-16,3866.83
2892,2026-02-23,3901.14
2892,2026-03-02,3763.91
2892,2026-03-09,3705.1
2892,2026-03-16,3660.99
2892,2026-03-23,3710.0
2892,2026-03-30,3865.0
2892,2026-04-06,3810.0
2892,2026-04-13,3885.0
2892,2026-04-20,3890.0
2892,2026-04-27,3815.0
2892,2026-05-04,3940.0
2892,2026-05-11,4010.0
2892,2026-05-18,3980.0
2892,2026-05-25,4035.0
2892,2026-06-01,4030.0
2892,2026-06-08,3950.0
2892,2026-06-15,3890.0
2892,2026-06-22,4155.0
2892,2026-06-29,4210.0
2892,2026-07-06,4400.0
2892,2026-07-13,4290.0
2892,2026-07-20,4555.0
2892,2026-07-27,4445.0
2914,2025-08-04,4564.59
2914,2025-08-11,4533.06
2914,2025-08-18,4615.23
2914,2025-08-25,4479.55
2914,2025-09-01,4531.14
2914,2025-09-08,4533.06
2914,2025-09-15,4557.9
2914,2025-09-22,4703.14
2914,2025-09-29,4709.83
2914,2025-10-06,4685.94
2914,2025-10-13,4784.36
2914,2025-10-20,4749.96
2914,2025-10-27,5126.44
2914,2025-11-03,5301.3
2914,2025-11-10,5432.21
2914,2025-11-17,5513.43
2914,2025-11-24,5606.12
2914,2025-12-01,5485.72
2914,2025-12-08,5513.43
2914,2025-12-15,5517.26
2914,2025-12-22,5502.92
2914,2025-12-29,5513.68
2914,2026-01-05,5647.61
2914,2026-01-12,5670.09
2914,2026-01-19,5521.5
2914,2026-01-26,5456.0
2914,2026-02-02,5903.74
2914,2026-02-09,5950.66
2914,2026-02-16,5761.01
2914,2026-02-23,5852.9
2914,2026-03-02,5586.02
2914,2026-03-09,5583.09
2914,2026-03-16,5716.04
2914,2026-03-23,5844.11
2914,2026-03-30,5968.26
2914,2026-04-06,5839.22
2914,2026-04-13,5670.09
2914,2026-04-20,5698.44
2914,2026-04-27,5754.17
2914,2026-05-04,5639.79
2914,2026-05-11,6159.87
2914,2026-05-18,5996.61
2914,2026-05-25,6028.87
2914,2026-06-01,5839.22
2914,2026-06-08,6038.65
2914,2026-06-15,5938.93
2914,2026-06-22,5936.0
2914,2026-06-29,6057.0
2914,2026-07-06,6117.0
2914,2026-07-13,6347.0
2914,2026-07-20,6461.0
2914,2026-07-27,7135.0
2999,2025-08-04,583.15
2999,2025-08-11,589.05
2999,2025-08-18,599.87
2999,2025-08-25,496.0
2999,2025-09-01,472.0
2999,2025-09-08,470.0
2999,2025-09-15,481.0
2999,2025-09-22,459.0
2999,2025-09-29,439.0
2999,2025-10-06,442.0
2999,2025-10-13,414.0
2999,2025-10-20,425.0
2999,2025-10-27,424.0
2999,2025-11-03,434.0
2999,2025-11-10,432.0
2999,2025-11-17,428.0
2999,2025-11-24,432.0
2999,2025-12-01,451.0
2999,2025-12-08,450.0
2999,2025-12-15,446.0
2999,2025-12-22,456.0
2999,2025-12-29,463.0
2999,2026-01-05,490.0
2999,2026-01-12,475.0
2999,2026-01-19,493.0
2999,2026-01-26,484.0
2999,2026-02-02,485.0
2999,2026-02-09,482.0
2999,2026-02-16,474.0
2999,2026-02-23,467.0
2999,2026-03-02,461.0
2999,2026-03-09,455.0
2999,2026-03-16,473.0
2999,2026-03-23,477.0
2999,2026-03-30,511.0
2999,2026-04-06,500.0
2999,2026-04-13,576.0
2999,2026-04-20,572.0
2999,2026-04-27,571.0
2999,2026-05-04,572.0
2999,2026-05-11,571.0
2999,2026-05-18,560.0
2999,2026-05-25,566.0
2999,2026-06-01,569.0
2999,2026-06-08,572.0
2999,2026-06-15,573.0
2999,2026-06-22,580.0
2999,2026-06-29,603.0
2999,2026-07-06,595.0
2999,2026-07-13,629.0
2999,2026-07-20,628.0
2999,2026-07-27,641.0
3097,2025-08-04,4079.23
3097,2025-08-11,4292.36
3097,2025-08-18,4332.02
3097,2025-08-25,4153.58
3097,2025-09-01,4327.06
3097,2025-09-08,4302.28
3097,2025-09-15,4356.8
3097,2025-09-22,4480.71
3097,2025-09-29,4183.32
3097,2025-10-06,3975.15
3097,2025-10-13,3925.58
3097,2025-10-20,3895.84
3097,2025-10-27,3821.49
3097,2025-11-03,3885.93
3097,2025-11-10,4203.15
3097,2025-11-17,4272.54
3097,2025-11-24,4396.45
3097,2025-12-01,4346.89
3097,2025-12-08,4317.15
3097,2025-12-15,4460.89
3097,2025-12-22,4505.5
3097,2025-12-29,4390.99
3097,2026-01-05,4376.06
3097,2026-01-12,4400.95
3097,2026-01-19,4331.25
3097,2026-01-26,4137.09
3097,2026-02-02,4226.7
3097,2026-02-09,4839.05
3097,2026-02-16,4988.41
3097,2026-02-23,4988.41
3097,2026-03-02,5217.41
3097,2026-03-09,4878.88
3097,2026-03-16,4774.33
3097,2026-03-23,4794.25
3097,2026-03-30,4789.27
3097,2026-04-06,4450.73
3097,2026-04-13,4386.01
3097,2026-04-20,4196.83
3097,2026-04-27,4281.47
3097,2026-05-04,4186.88
3097,2026-05-11,4769.35
3097,2026-05-18,4858.97
3097,2026-05-25,5008.32
3097,2026-06-01,4610.04
3097,2026-06-08,4709.61
3097,2026-06-15,4620.0
3097,2026-06-22,4620.0
3097,2026-06-29,4740.0
3097,2026-07-06,4985.0
3097,2026-07-13,5200.0
3097,2026-07-20,4975.0
3097,2026-07-27,5480.0
3131,2025-08-04,2752.14
3131,2025-08-11,2709.16
3131,2025-08-18,2705.34
3131,2025-08-25,3065.36
3131,2025-09-01,2969.86
3131,2025-09-08,3199.05
3131,2025-09-15,3151.3
3131,2025-09-22,3199.05
3131,2025-09-29,3165.62
3131,2025-10-06,3194.27
3131,2025-10-13,2974.64
3131,2025-10-20,3070.13
3131,2025-10-27,3347.06
3131,2025-11-03,3318.41
3131,2025-11-10,2627.99
3131,2025-11-17,2520.08
3131,2025-11-24,2593.62
3131,2025-12-01,2561.15
3131,2025-12-08,2616.53
3131,2025-12-15,2559.24
3131,2025-12-22,2746.41
3131,2025-12-29,2767.41
3131,2026-01-05,2797.02
3131,2026-01-12,2826.62
3131,2026-01-19,2874.37
3131,2026-01-26,2898.24
3131,2026-02-02,2847.63
3131,2026-02-09,2776.01
3131,2026-02-16,2825.67
3131,2026-02-23,2950.76
3131,2026-03-02,2801.79
3131,2026-03-09,2674.79
3131,2026-03-16,2700.57
3131,2026-03-23,2755.0
3131,2026-03-30,2695.0
3131,2026-04-06,2731.0
3131,2026-04-13,2779.0
3131,2026-04-20,2744.0
3131,2026-04-27,2857.0
3131,2026-05-04,3055.0
3131,2026-05-11,3125.0
3131,2026-05-18,3200.0
3131,2026-05-25,3455.0
3131,2026-06-01,3655.0
3131,2026-06-08,3350.0
3131,2026-06-15,3615.0
3131,2026-06-22,3555.0
3131,2026-06-29,4025.0
3131,2026-07-06,3635.0
3131,2026-07-13,3375.0
3131,2026-07-20,3515.0
3131,2026-07-27,4100.0
3179,2025-08-04,1115.38
3179,2025-08-11,1094.24
3179,2025-08-18,1146.12
3179,2025-08-25,1176.86
3179,2025-09-01,1200.88
3179,2025-09-08,1208.56
3179,2025-09-15,1202.8
3179,2025-09-22,1206.64
3179,2025-09-29,1201.84
3179,2025-10-06,1225.86
3179,2025-10-13,1224.9
3179,2025-10-20,1266.21
3179,2025-10-27,1222.97
3179,2025-11-03,1205.68
3179,2025-11-10,1155.72
3179,2025-11-17,1186.47
3179,2025-11-24,1183.59
3179,2025-12-01,1127.86
3179,2025-12-08,1056.77
3179,2025-12-15,1077.91
3179,2025-12-22,1108.65
3179,2025-12-29,1104.81
3179,2026-01-05,1100.0
3179,2026-01-12,1157.65
3179,2026-01-19,1164.37
3179,2026-01-26,1112.49
3179,2026-02-02,1159.57
3179,2026-02-09,1214.33
3179,2026-02-16,1278.69
3179,2026-02-23,1308.48
3179,2026-03-02,1232.58
3179,2026-03-09,1189.35
3179,2026-03-16,1166.29
3179,2026-03-23,1149.0
3179,2026-03-30,1102.0
3179,2026-04-06,1201.0
3179,2026-04-13,1124.0
3179,2026-04-20,1079.0
3179,2026-04-27,1092.0
3179,2026-05-04,1085.0
3179,2026-05-11,1017.0
3179,2026-05-18,1080.0
3179,2026-05-25,1061.0
3179,2026-06-01,1056.0
3179,2026-06-08,1091.0
3179,2026-06-15,1121.0
3179,2026-06-22,1083.0
3179,2026-06-29,1057.0
3179,2026-07-06,1066.0
3179,2026-07-13,1096.0
3179,2026-07-20,1240.0
3179,2026-07-27,1355.0
3393,2025-08-04,2539.87
3393,2025-08-11,2447.88
3393,2025-08-18,2499.09
3393,2025-08-25,2492.45
3393,2025-09-01,2477.28
3393,2025-09-08,2495.3
3393,2025-09-15,2647.04
3393,2025-09-22,2671.7
3393,2025-09-29,2640.76
3393,2025-10-06,2722.95
3393,2025-10-13,2654.3
3393,2025-10-20,2725.85
3393,2025-10-27,2670.74
3393,2025-11-03,2596.28
3393,2025-11-10,2560.5
3393,2025-11-17,2523.76
3393,2025-11-24,2524.73
3393,2025-12-01,2543.1
3393,2025-12-08,2576.94
3393,2025-12-15,2618.52
3393,2025-12-22,2738.42
3393,2025-12-29,2785.8
3393,2026-01-05,2818.68
3393,2026-01-12,2915.38
3393,2026-01-19,2853.49
3393,2026-01-26,2720.05
3393,2026-02-02,2664.93
3393,2026-02-09,2585.64
3393,2026-02-16,2844.79
3393,2026-02-23,2987.9
3393,2026-03-02,2852.52
3393,2026-03-09,2738.42
3393,2026-03-16,2632.06
3393,2026-03-23,2663.0
3393,2026-03-30,2740.0
3393,2026-04-06,2797.0
3393,2026-04-13,2834.0
3393,2026-04-20,2757.0
3393,2026-04-27,2742.0
3393,2026-05-04,2770.0
3393,2026-05-11,2700.0
3393,2026-05-18,3005.0
3393,2026-05-25,2982.0
3393,2026-06-01,2911.0
3393,2026-06-08,2865.0
3393,2026-06-15,2945.0
3393,2026-06-22,2988.0
3393,2026-06-29,3100.0
3393,2026-07-06,3085.0
3393,2026-07-13,3065.0
3393,2026-07-20,3045.0
3393,2026-07-27,3080.0
3946,2025-08-04,3270.82
3946,2025-08-11,3256.37
3946,2025-08-18,3203.38
3946,2025-08-25,3193.75
3946,2025-09-01,3294.91
3946,2025-09-08,3299.73
3946,2025-09-15,3299.73
3946,2025-09-22,3453.87
3946,2025-09-29,3272.35
3946,2025-10-06,3198.76
3946,2025-10-13,3198.76
3946,2025-10-20,3345.94
3946,2025-10-27,3233.1
3946,2025-11-03,3218.38
3946,2025-11-10,3291.97
3946,2025-11-17,3306.69
3946,2025-11-24,3390.09
3946,2025-12-01,3291.97
3946,2025-12-08,3296.88
3946,2025-12-15,3321.41
3946,2025-12-22,3414.62
3946,2025-12-29,3463.69
3946,2026-01-05,3522.56
3946,2026-01-12,3576.52
3946,2026-01-19,3512.75
3946,2026-01-26,3399.91
3946,2026-02-02,3458.78
3946,2026-02-09,3581.43
3946,2026-02-16,3556.9
3946,2026-02-23,3630.49
3946,2026-03-02,3399.91
3946,2026-03-09,3306.69
3946,2026-03-16,3311.6
3946,2026-03-23,3395.0
3946,2026-03-30,3405.0
3946,2026-04-06,3405.0
3946,2026-04-13,3415.0
3946,2026-04-20,3495.0
3946,2026-04-27,3530.0
3946,2026-05-04,3880.0
3946,2026-05-11,3945.0
3946,2026-05-18,3995.0
3946,2026-05-25,3975.0
3946,2026-06-01,3710.0
3946,2026-06-08,3845.0
3946,2026-06-15,3780.0
3946,2026-06-22,3910.0
3946,2026-06-29,4005.0
3946,2026-07-06,4115.0
3946,2026-07-13,4325.0
3946,2026-07-20,4480.0
3946,2026-07-27,4515.0
4189,2025-08-04,2673.07
4189,2025-08-11,2640.39
4189,2025-08-18,2671.15
4189,2025-08-25,2699.98
4189,2025-09-01,2720.17
4189,2025-09-08,2747.08
4189,2025-09-15,2692.29
4189,2025-09-22,2699.98
4189,2025-09-29,2619.24
4189,2025-10-06,2613.47
4189,2025-10-13,2582.72
4189,2025-10-20,2706.71
4189,2025-10-27,2651.92
4189,2025-11-03,2319.35
4189,2025-11-10,2316.47
4189,2025-11-17,2258.8
4189,2025-11-24,2376.06
4189,2025-12-01,2330.89
4189,2025-12-08,2387.6
4189,2025-12-15,2401.05
4189,2025-12-22,2427.0
4189,2025-12-29,2431.42
4189,2026-01-05,2401.97
4189,2026-01-12,2503.08
4189,2026-01-19,2566.88
4189,2026-01-26,2495.23
4189,2026-02-02,2694.49
4189,2026-02-09,2934.0
4189,2026-02-16,2932.04
4189,2026-02-23,3057.68
4189,2026-03-02,2944.8
4189,2026-03-09,2760.26
4189,2026-03-16,2725.9
4189,2026-03-23,2713.14
4189,2026-03-30,2721.97
4189,2026-04-06,2859.4
4189,2026-04-13,2726.88
4189,2026-04-20,2647.37
4189,2026-04-27,2707.25
4189,2026-05-04,2692.53
4189,2026-05-11,2643.45
4189,2026-05-18,2663.08
4189,2026-05-25,2726.88
4189,2026-06-01,2614.0
4189,2026-06-08,2617.93
4189,2026-06-15,2748.48
4189,2026-06-22,2934.0
4189,2026-06-29,2982.0
4189,2026-07-06,2941.0
4189,2026-07-13,2991.0
4189,2026-07-20,3070.0
4189,2026-07-27,3305.0
4196,2025-08-04,1463.0
4196,2025-08-11,1415.0
4196,2025-08-18,1428.0
4196,2025-08-25,1476.0
4196,2025-09-01,1471.0
4196,2025-09-08,1485.0
4196,2025-09-15,1464.0
4196,2025-09-22,1399.0
4196,2025-09-29,1094.0
4196,2025-10-06,1113.0
4196,2025-10-13,1144.0
4196,2025-10-20,1158.0
4196,2025-10-27,1113.0
4196,2025-11-03,1114.0
4196,2025-11-10,1132.0
4196,2025-11-17,1143.0
4196,2025-11-24,1164.0
4196,2025-12-01,1178.0
4196,2025-12-08,1172.0
4196,2025-12-15,1158.0
4196,2025-12-22,1156.0
4196,2025-12-29,1166.0
4196,2026-01-05,1220.0
4196,2026-01-12,1218.0
4196,2026-01-19,1220.0
4196,2026-01-26,1287.0
4196,2026-02-02,1345.0
4196,2026-02-09,1349.0
4196,2026-02-16,1339.0
4196,2026-02-23,1354.0
4196,2026-03-02,1390.0
4196,2026-03-09,1439.0
4196,2026-03-16,1428.0
4196,2026-03-23,1423.0
4196,2026-03-30,1430.0
4196,2026-04-06,1446.0
4196,2026-04-13,1447.0
4196,2026-04-20,1437.0
4196,2026-04-27,1428.0
4196,2026-05-04,1424.0
4196,2026-05-11,1432.0
4196,2026-05-18,1450.0
4196,2026-05-25,1479.0
4196,2026-06-01,1575.0
4196,2026-06-08,1674.0
4196,2026-06-15,1699.0
4196,2026-06-22,1696.0
4196,2026-06-29,1695.0
4196,2026-07-06,1697.0
4196,2026-07-13,1686.0
4196,2026-07-20,1727.0
4196,2026-07-27,1853.0
4212,2025-08-04,2159.37
4212,2025-08-11,2129.36
4212,2025-08-18,2136.14
4212,2025-08-25,2114.84
4212,2025-09-01,2135.17
4212,2025-09-08,2124.52
4212,2025-09-15,2126.46
4212,2025-09-22,2172.92
4212,2025-09-29,2077.5
4212,2025-10-06,2036.19
4212,2025-10-13,2034.22
4212,2025-10-20,2114.88
4212,2025-10-27,2030.29
4212,2025-11-03,2040.12
4212,2025-11-10,2094.23
4212,2025-11-17,2070.62
4212,2025-11-24,2123.74
4212,2025-12-01,2031.27
4212,2025-12-08,2123.74
4212,2025-12-15,2119.8
4212,2025-12-22,2101.11
4212,2025-12-29,2096.19
4212,2026-01-05,2094.23
4212,2026-01-12,2126.69
4212,2026-01-19,2137.51
4212,2026-01-26,2044.06
4212,2026-02-02,2198.49
4212,2026-02-09,2212.26
4212,2026-02-16,2221.12
4212,2026-02-23,2443.43
4212,2026-03-02,2405.06
4212,2026-03-09,2322.44
4212,2026-03-16,2206.36
4212,2026-03-23,2168.0
4212,2026-03-30,2218.0
4212,2026-04-06,2254.0
4212,2026-04-13,2250.0
4212,2026-04-20,2107.0
4212,2026-04-27,2099.0
4212,2026-05-04,2218.0
4212,2026-05-11,2161.0
4212,2026-05-18,2123.0
4212,2026-05-25,2128.0
4212,2026-06-01,2139.0
4212,2026-06-08,2300.0
4212,2026-06-15,2373.0
4212,2026-06-22,2560.0
4212,2026-06-29,2650.0
4212,2026-07-06,2653.0
4212,2026-07-13,2605.0
4212,2026-07-20,2645.0
4212,2026-07-27,2951.0
4220,2025-08-04,1143.52
4220,2025-08-11,1153.17
4220,2025-08-18,1176.33
4220,2025-08-25,1136.77
4220,2025-09-01,1172.47
4220,2025-09-08,1191.77
4220,2025-09-15,1217.82
4220,2025-09-22,1236.16
4220,2025-09-29,1202.83
4220,2025-10-06,1195.97
4220,2025-10-13,1212.63
4220,2025-10-20,1254.79
4220,2025-10-27,1371.44
4220,2025-11-03,1301.84
4220,2025-11-10,1347.91
4220,2025-11-17,1371.44
4220,2025-11-24,1449.87
4220,2025-12-01,1399.87
4220,2025-12-08,1475.35
4220,2025-12-15,1505.74
4220,2025-12-22,1493.0
4220,2025-12-29,1504.76
4220,2026-01-05,1518.49
4220,2026-01-12,1583.19
4220,2026-01-19,1592.01
4220,2026-01-26,1631.22
4220,2026-02-02,1695.92
4220,2026-02-09,1717.49
4220,2026-02-16,1696.9
4220,2026-02-23,1807.68
4220,2026-03-02,1754.74
4220,2026-03-09,1689.06
4220,2026-03-16,1668.47
4220,2026-03-23,1692.0
4220,2026-03-30,1723.0
4220,2026-04-06,1767.0
4220,2026-04-13,1742.0
4220,2026-04-20,1645.0
4220,2026-04-27,1662.0
4220,2026-05-04,1679.0
4220,2026-05-11,1681.0
4220,2026-05-18,1562.0
4220,2026-05-25,1580.0
4220,2026-06-01,1603.0
4220,2026-06-08,1611.0
4220,2026-06-15,1713.0
4220,2026-06-22,1679.0
4220,2026-06-29,1756.0
4220,2026-07-06,1795.0
4220,2026-07-13,1776.0
4220,2026-07-20,1823.0
4220,2026-07-27,2216.0
4417,2025-08-04,3341.57
4417,2025-08-11,3119.46
4417,2025-08-18,3045.42
4417,2025-08-25,3346.5
4417,2025-09-01,3109.58
4417,2025-09-08,3158.94
4417,2025-09-15,3307.02
4417,2025-09-22,3109.58
4417,2025-09-29,3081.16
4417,2025-10-06,3403.67
4417,2025-10-13,3502.9
4417,2025-10-20,4098.29
4417,2025-10-27,3676.56
4417,2025-11-03,3468.17
4417,2025-11-10,3512.82
4417,2025-11-17,3329.24
4417,2025-11-24,3438.4
4417,2025-12-01,3249.86
4417,2025-12-08,3046.43
4417,2025-12-15,2871.78
4417,2025-12-22,3215.13
4417,2025-12-29,3175.43
4417,2026-01-05,3438.4
4417,2026-01-12,3532.67
4417,2026-01-19,3130.78
4417,2026-01-26,2932.32
4417,2026-02-02,2688.2
4417,2026-02-09,2657.44
4417,2026-02-16,2738.81
4417,2026-02-23,2655.46
4417,2026-03-02,2490.73
4417,2026-03-09,2390.51
4417,2026-03-16,2440.12
4417,2026-03-23,2357.76
4417,2026-03-30,2510.0
4417,2026-04-06,2482.0
4417,2026-04-13,2514.0
4417,2026-04-20,2479.0
4417,2026-04-27,2682.0
4417,2026-05-04,2909.0
4417,2026-05-11,2809.0
4417,2026-05-18,3260.0
4417,2026-05-25,3435.0
4417,2026-06-01,3060.0
4417,2026-06-08,2968.0
4417,2026-06-15,3255.0
4417,2026-06-22,3310.0
4417,2026-06-29,4210.0
4417,2026-07-06,3980.0
4417,2026-07-13,4360.0
4417,2026-07-20,4230.0
4417,2026-07-27,4580.0
4463,2025-08-04,1267.66
4463,2025-08-11,1259.01
4463,2025-08-18,1268.62
4463,2025-08-25,1318.59
4463,2025-09-01,1348.39
4463,2025-09-08,1397.4
4463,2025-09-15,1367.61
4463,2025-09-22,1408.93
4463,2025-09-29,1401.24
4463,2025-10-06,1448.34
4463,2025-10-13,1422.39
4463,2025-10-20,1422.39
4463,2025-10-27,1394.52
4463,2025-11-03,1437.77
4463,2025-11-10,1433.92
4463,2025-11-17,1459.87
4463,2025-11-24,1535.79
4463,2025-12-01,1520.42
4463,2025-12-08,1526.18
4463,2025-12-15,1547.33
4463,2025-12-22,1554.06
4463,2025-12-29,1520.76
4463,2026-01-05,1509.99
4463,2026-01-12,1551.12
4463,2026-01-19,1633.37
4463,2026-01-26,1578.54
4463,2026-02-02,1593.22
4463,2026-02-09,1658.83
4463,2026-02-16,1778.3
4463,2026-02-23,1751.86
4463,2026-03-02,1732.28
4463,2026-03-09,1698.0
4463,2026-03-16,1646.1
4463,2026-03-23,1641.21
4463,2026-03-30,1639.25
4463,2026-04-06,1627.5
4463,2026-04-13,1630.44
4463,2026-04-20,1570.7
4463,2026-04-27,1863.5
4463,2026-05-04,1783.2
4463,2026-05-11,1799.84
4463,2026-05-18,1743.05
4463,2026-05-25,1719.55
4463,2026-06-01,1687.23
4463,2026-06-08,1664.71
4463,2026-06-15,1666.67
4463,2026-06-22,1651.0
4463,2026-06-29,1707.0
4463,2026-07-06,1712.0
4463,2026-07-13,1735.0
4463,2026-07-20,1773.0
4463,2026-07-27,2006.0
4762,2025-08-04,1315.77
4762,2025-08-11,1324.49
4762,2025-08-18,1331.26
4762,2025-08-25,1376.77
4762,2025-09-01,1359.34
4762,2025-09-08,1373.86
4762,2025-09-15,1363.21
4762,2025-09-22,1378.7
4762,2025-09-29,1379.2
4762,2025-10-06,1383.13
4762,2025-10-13,1391.0
4762,2025-10-20,1390.02
4762,2025-10-27,1404.77
4762,2025-11-03,1374.28
4762,2025-11-10,1396.9
4762,2025-11-17,1380.18
4762,2025-11-24,1386.08
4762,2025-12-01,1357.55
4762,2025-12-08,1400.84
4762,2025-12-15,1391.98
4762,2025-12-22,1397.89
4762,2025-12-29,1498.23
4762,2026-01-05,1479.54
4762,2026-01-12,1480.52
4762,2026-01-19,1496.26
4762,2026-01-26,1513.97
4762,2026-02-02,1513.97
4762,2026-02-09,1512.0
4762,2026-02-16,1501.18
4762,2026-02-23,1523.8
4762,2026-03-02,1488.39
4762,2026-03-09,1510.03
4762,2026-03-16,1510.03
4762,2026-03-23,1512.0
4762,2026-03-30,1517.0
4762,2026-04-06,1517.0
4762,2026-04-13,1512.0
4762,2026-04-20,1480.0
4762,2026-04-27,1548.0
4762,2026-05-04,1551.0
4762,2026-05-11,1512.0
4762,2026-05-18,1542.0
4762,2026-05-25,1548.0
4762,2026-06-01,1569.0
4762,2026-06-08,1604.0
4762,2026-06-15,1583.0
4762,2026-06-22,1663.0
4762,2026-06-29,1767.0
4762,2026-07-06,1771.0
4762,2026-07-13,1650.0
4762,2026-07-20,1894.0
4762,2026-07-27,2035.0
5195,2025-08-04,1799.34
5195,2025-08-11,1811.61
5195,2025-08-18,1852.18
5195,2025-08-25,1891.81
5195,2025-09-01,1922.0
5195,2025-09-08,1942.76
5195,2025-09-15,1935.21
5195,2025-09-22,1943.7
5195,2025-09-29,1890.78
5195,2025-10-06,1848.44
5195,2025-10-13,1872.5
5195,2025-10-20,1931.19
5195,2025-10-27,1864.8
5195,2025-11-03,1898.48
5195,2025-11-10,1881.16
5195,2025-11-17,1895.59
5195,2025-11-24,1987.0
5195,2025-12-01,1912.91
5195,2025-12-08,1926.38
5195,2025-12-15,1941.78
5195,2025-12-22,1961.02
5195,2025-12-29,1970.64
5195,2026-01-05,2003.36
5195,2026-01-12,2061.09
5195,2026-01-19,2038.0
5195,2026-01-26,1947.55
5195,2026-02-02,1998.55
5195,2026-02-09,2230.45
5195,2026-02-16,2240.07
5195,2026-02-23,2297.8
5195,2026-03-02,2113.05
5195,2026-03-09,1988.93
5195,2026-03-16,1999.51
5195,2026-03-23,2038.0
5195,2026-03-30,2087.0
5195,2026-04-06,2149.0
5195,2026-04-13,2146.0
5195,2026-04-20,2025.0
5195,2026-04-27,2023.0
5195,2026-05-04,2039.0
5195,2026-05-11,2209.0
5195,2026-05-18,2241.0
5195,2026-05-25,2242.0
5195,2026-06-01,2200.0
5195,2026-06-08,2180.0
5195,2026-06-15,2241.0
5195,2026-06-22,2221.0
5195,2026-06-29,2231.0
5195,2026-07-06,2240.0
5195,2026-07-13,2226.0
5195,2026-07-20,2309.0
5195,2026-07-27,2423.0
5444,2025-08-04,8752.71
5444,2025-08-11,8692.98
5444,2025-08-18,9117.85
5444,2025-08-25,9338.48
5444,2025-09-01,9773.95
5444,2025-09-08,9529.23
5444,2025-09-15,9317.28
5444,2025-09-22,9269.11
5444,2025-09-29,9058.56
5444,2025-10-06,9385.21
5444,2025-10-13,9268.13
5444,2025-10-20,9211.06
5444,2025-10-27,9575.1
5444,2025-11-03,9282.88
5444,2025-11-10,9602.64
5444,2025-11-17,9741.37
5444,2025-11-24,10276.6
5444,2025-12-01,10035.55
5444,2025-12-08,10483.21
5444,2025-12-15,10473.38
5444,2025-12-22,10616.04
5444,2025-12-29,10517.65
5444,2026-01-05,11048.94
5444,2026-01-12,11727.82
5444,2026-01-19,11609.75
5444,2026-01-26,10980.07
5444,2026-02-02,12337.82
5444,2026-02-09,11245.72
5444,2026-02-16,12549.36
5444,2026-02-23,12795.33
5444,2026-03-02,11919.68
5444,2026-03-09,11781.93
5444,2026-03-16,11890.16
5444,2026-03-23,12205.0
5444,2026-03-30,12205.0
5444,2026-04-06,12280.0
5444,2026-04-13,11955.0
5444,2026-04-20,12045.0
5444,2026-04-27,12120.0
5444,2026-05-04,12060.0
5444,2026-05-11,11975.0
5444,2026-05-18,11465.0
5444,2026-05-25,11785.0
5444,2026-06-01,11685.0
5444,2026-06-08,11950.0
5444,2026-06-15,12380.0
5444,2026-06-22,12150.0
5444,2026-06-29,12480.0
5444,2026-07-06,12410.0
5444,2026-07-13,12785.0
5444,2026-07-20,13140.0
5444,2026-07-27,13500.0
5660,2025-08-04,1305.17
5660,2025-08-11,1317.59
5660,2025-08-18,1331.92
5660,2025-08-25,1311.86
5660,2025-09-01,1317.59
5660,2025-09-08,1321.41
5660,2025-09-15,1313.77
5660,2025-09-22,1301.35
5660,2025-09-29,1281.88
5660,2025-10-06,1275.07
5660,2025-10-13,1270.2
5660,2025-10-20,1327.63
5660,2025-10-27,1283.83
5660,2025-11-03,1302.32
5660,2025-11-10,1275.07
5660,2025-11-17,1282.85
5660,2025-11-24,1285.77
5660,2025-12-01,1280.91
5660,2025-12-08,1284.8
5660,2025-12-15,1310.11
5660,2025-12-22,1304.27
5660,2025-12-29,1339.31
5660,2026-01-05,1375.32
5660,2026-01-12,1431.77
5660,2026-01-19,1430.8
5660,2026-01-26,1437.61
5660,2026-02-02,1453.19
5660,2026-02-09,1432.75
5660,2026-02-16,1443.45
5660,2026-02-23,1486.28
5660,2026-03-02,1423.01
5660,2026-03-09,1404.52
5660,2026-03-16,1422.04
5660,2026-03-23,1460.0
5660,2026-03-30,1455.0
5660,2026-04-06,1482.0
5660,2026-04-13,1479.0
5660,2026-04-20,1509.0
5660,2026-04-27,1525.0
5660,2026-05-04,1531.0
5660,2026-05-11,1792.0
5660,2026-05-18,1808.0
5660,2026-05-25,1850.0
5660,2026-06-01,1792.0
5660,2026-06-08,1833.0
5660,2026-06-15,1835.0
5660,2026-06-22,1752.0
5660,2026-06-29,1786.0
5660,2026-07-06,1733.0
5660,2026-07-13,1795.0
5660,2026-07-20,1866.0
5660,2026-07-27,1943.0
5845,2025-08-04,790.97
5845,2025-08-11,859.13
5845,2025-08-18,847.61
5845,2025-08-25,854.33
5845,2025-09-01,895.61
5845,2025-09-08,897.53
5845,2025-09-15,894.65
5845,2025-09-22,895.61
5845,2025-09-29,876.41
5845,2025-10-06,879.29
5845,2025-10-13,866.81
5845,2025-10-20,869.69
5845,2025-10-27,866.81
5845,2025-11-03,868.73
5845,2025-11-10,879.29
5845,2025-11-17,890.81
5845,2025-11-24,916.72
5845,2025-12-01,923.44
5845,2025-12-08,935.92
5845,2025-12-15,971.44
5845,2025-12-22,976.24
5845,2025-12-29,963.76
5845,2026-01-05,959.92
5845,2026-01-12,967.6
5845,2026-01-19,956.08
5845,2026-01-26,968.56
5845,2026-02-02,963.76
5845,2026-02-09,974.32
5845,2026-02-16,1012.72
5845,2026-02-23,1015.6
5845,2026-03-02,978.16
5845,2026-03-09,968.56
5845,2026-03-16,956.08
5845,2026-03-23,958.0
5845,2026-03-30,988.0
5845,2026-04-06,995.0
5845,2026-04-13,990.0
5845,2026-04-20,980.0
5845,2026-04-27,966.0
5845,2026-05-04,970.0
5845,2026-05-11,1026.0
5845,2026-05-18,1011.0
5845,2026-05-25,1001.0
5845,2026-06-01,995.0
5845,2026-06-08,994.0
5845,2026-06-15,994.0
5845,2026-06-22,996.0
5845,2026-06-29,1020.0
5845,2026-07-06,1019.0
5845,2026-07-13,1016.0
5845,2026-07-20,1011.0
5845,2026-07-27,1171.0
5889,2025-08-04,2132.71
5889,2025-08-11,2101.91
5889,2025-08-18,2043.2
5889,2025-08-25,2011.44
5889,2025-09-01,1997.01
5889,2025-09-08,2298.24
5889,2025-09-15,2166.39
5889,2025-09-22,2147.14
5889,2025-09-29,2028.77
5889,2025-10-06,2023.96
5889,2025-10-13,1987.38
5889,2025-10-20,2133.67
5889,2025-10-27,1934.45
5889,2025-11-03,1949.85
5889,2025-11-10,1946.96
5889,2025-11-17,1828.59
5889,2025-11-24,1867.08
5889,2025-12-01,1900.77
5889,2025-12-08,1971.02
5889,2025-12-15,1903.65
5889,2025-12-22,1950.81
5889,2025-12-29,1953.7
5889,2026-01-05,1966.21
5889,2026-01-12,1946.0
5889,2026-01-19,1961.4
5889,2026-01-26,1974.96
5889,2026-02-02,1950.39
5889,2026-02-09,1940.56
5889,2026-02-16,1883.54
5889,2026-02-23,1964.15
5889,2026-03-02,1917.95
5889,2026-03-09,1848.15
5889,2026-03-16,2040.83
5889,2026-03-23,2092.93
5889,2026-03-30,2054.59
5889,2026-04-06,2077.2
5889,2026-04-13,2103.74
5889,2026-04-20,2192.22
5889,2026-04-27,2190.25
5889,2026-05-04,2208.93
5889,2026-05-11,2154.86
5889,2026-05-18,2172.56
5889,2026-05-25,2056.56
5889,2026-06-01,2051.64
5889,2026-06-08,2133.23
5889,2026-06-15,2279.71
5889,2026-06-22,2151.91
5889,2026-06-29,2362.29
5889,2026-07-06,2410.46
5889,2026-07-13,2283.64
5889,2026-07-20,2345.58
5889,2026-07-27,2521.0
5971,2025-08-04,5711.05
5971,2025-08-11,5829.82
5971,2025-08-18,5918.9
5971,2025-08-25,5899.11
5971,2025-09-01,5948.6
5971,2025-09-08,6354.41
5971,2025-09-15,6176.25
5971,2025-09-22,6483.08
5971,2025-09-29,7027.46
5971,2025-10-06,6582.06
5971,2025-10-13,6898.79
5971,2025-10-20,6839.4
5971,2025-10-27,7037.36
5971,2025-11-03,6671.14
5971,2025-11-10,6908.68
5971,2025-11-17,6908.68
5971,2025-11-24,6878.99
5971,2025-12-01,6878.99
5971,2025-12-08,6908.68
5971,2025-12-15,7324.39
5971,2025-12-22,7433.27
5971,2025-12-29,7522.35
5971,2026-01-05,7344.19
5971,2026-01-12,7076.95
5971,2026-01-19,7076.95
5971,2026-01-26,7096.74
5971,2026-02-02,7146.23
5971,2026-02-09,7265.01
5971,2026-02-16,7373.88
5971,2026-02-23,7581.74
5971,2026-03-02,7324.39
5971,2026-03-09,7393.68
5971,2026-03-16,7641.12
5971,2026-03-23,7601.53
5971,2026-03-30,7789.59
5971,2026-04-06,7680.71
5971,2026-04-13,7730.2
5971,2026-04-20,7730.2
5971,2026-04-27,7270.0
5971,2026-05-04,7350.0
5971,2026-05-11,7100.0
5971,2026-05-18,7010.0
5971,2026-05-25,6950.0
5971,2026-06-01,6950.0
5971,2026-06-08,7010.0
5971,2026-06-15,7550.0
5971,2026-06-22,8080.0
5971,2026-06-29,8190.0
5971,2026-07-06,8060.0
5971,2026-07-13,8120.0
5971,2026-07-20,8120.0
5971,2026-07-27,8290.0
6080,2025-08-04,2943.96
6080,2025-08-11,2955.77
6080,2025-08-18,2975.44
6080,2025-08-25,3088.56
6080,2025-09-01,3177.08
6080,2025-09-08,3142.65
6080,2025-09-15,3132.82
6080,2025-09-22,3127.9
6080,2025-09-29,3155.0
6080,2025-10-06,3120.0
6080,2025-10-13,3210.0
6080,2025-10-20,3270.0
6080,2025-10-27,2955.0
6080,2025-11-03,3090.0
6080,2025-11-10,3170.0
6080,2025-11-17,3300.0
6080,2025-11-24,3360.0
6080,2025-12-01,3260.0
6080,2025-12-08,3290.0
6080,2025-12-15,3400.0
6080,2025-12-22,3405.0
6080,2025-12-29,3370.0
6080,2026-01-05,3490.0
6080,2026-01-12,3500.0
6080,2026-01-19,3425.0
6080,2026-01-26,3145.0
6080,2026-02-02,3415.0
6080,2026-02-09,3380.0
6080,2026-02-16,3495.0
6080,2026-02-23,3740.0
6080,2026-03-02,3495.0
6080,2026-03-09,3400.0
6080,2026-03-16,3155.0
6080,2026-03-23,3100.0
6080,2026-03-30,3080.0
6080,2026-04-06,3235.0
6080,2026-04-13,3350.0
6080,2026-04-20,3170.0
6080,2026-04-27,3275.0
6080,2026-05-04,3400.0
6080,2026-05-11,3370.0
6080,2026-05-18,3600.0
6080,2026-05-25,3440.0
6080,2026-06-01,3480.0
6080,2026-06-08,3465.0
6080,2026-06-15,3580.0
6080,2026-06-22,3390.0
6080,2026-06-29,3575.0
6080,2026-07-06,3610.0
6080,2026-07-13,3660.0
6080,2026-07-20,3735.0
6080,2026-07-27,3885.0
6194,2025-08-04,754.96
6194,2025-08-11,780.92
6194,2025-08-18,751.11
6194,2025-08-25,753.03
6194,2025-09-01,780.92
6194,2025-09-08,779.0
6194,2025-09-15,774.19
6194,2025-09-22,779.0
6194,2025-09-29,743.0
6194,2025-10-06,749.0
6194,2025-10-13,717.0
6194,2025-10-20,713.0
6194,2025-10-27,700.0
6194,2025-11-03,695.0
6194,2025-11-10,683.0
6194,2025-11-17,670.0
6194,2025-11-24,659.0
6194,2025-12-01,621.0
6194,2025-12-08,628.0
6194,2025-12-15,667.0
6194,2025-12-22,702.0
6194,2025-12-29,710.0
6194,2026-01-05,721.0
6194,2026-01-12,706.0
6194,2026-01-19,705.0
6194,2026-01-26,693.0
6194,2026-02-02,688.0
6194,2026-02-09,718.0
6194,2026-02-16,696.0
6194,2026-02-23,738.0
6194,2026-03-02,744.0
6194,2026-03-09,700.0
6194,2026-03-16,667.0
6194,2026-03-23,669.0
6194,2026-03-30,668.0
6194,2026-04-06,660.0
6194,2026-04-13,666.0
6194,2026-04-20,653.0
6194,2026-04-27,646.0
6194,2026-05-04,662.0
6194,2026-05-11,715.0
6194,2026-05-18,712.0
6194,2026-05-25,690.0
6194,2026-06-01,683.0
6194,2026-06-08,705.0
6194,2026-06-15,700.0
6194,2026-06-22,693.0
6194,2026-06-29,704.0
6194,2026-07-06,805.0
6194,2026-07-13,823.0
6194,2026-07-20,822.0
6194,2026-07-27,861.0
6237,2025-08-04,2613.95
6237,2025-08-11,2456.59
6237,2025-08-18,2395.39
6237,2025-08-25,2397.33
6237,2025-09-01,2362.36
6237,2025-09-08,2538.18
6237,2025-09-15,2596.46
6237,2025-09-22,2605.21
6237,2025-09-29,2462.49
6237,2025-10-06,2471.35
6237,2025-10-13,2479.23
6237,2025-10-20,2594.38
6237,2025-10-27,2512.69
6237,2025-11-03,2530.41
6237,2025-11-10,2507.77
6237,2025-11-17,2414.27
6237,2025-11-24,2520.56
6237,2025-12-01,2555.01
6237,2025-12-08,2530.41
6237,2025-12-15,2581.58
6237,2025-12-22,2565.84
6237,2025-12-29,2578.63
6237,2026-01-05,2549.11
6237,2026-01-12,2821.73
6237,2026-01-19,2620.95
6237,2026-01-26,2629.81
6237,2026-02-02,2660.32
6237,2026-02-09,2681.97
6237,2026-02-16,2796.14
6237,2026-02-23,2908.34
6237,2026-03-02,2618.0
6237,2026-03-09,2525.48
6237,2026-03-16,2473.32
6237,2026-03-23,2618.0
6237,2026-03-30,2614.0
6237,2026-04-06,2764.0
6237,2026-04-13,2681.0
6237,2026-04-20,2652.0
6237,2026-04-27,2681.0
6237,2026-05-04,2741.0
6237,2026-05-11,2939.0
6237,2026-05-18,3300.0
6237,2026-05-25,3375.0
6237,2026-06-01,3140.0
6237,2026-06-08,3085.0
6237,2026-06-15,3560.0
6237,2026-06-22,3585.0
6237,2026-06-29,4150.0
6237,2026-07-06,4505.0
6237,2026-07-13,4405.0
6237,2026-07-20,4990.0
6237,2026-07-27,5150.0
6337,2025-08-04,1682.47
6337,2025-08-11,1693.05
6337,2025-08-18,1677.66
6337,2025-08-25,1768.09
6337,2025-09-01,1795.98
6337,2025-09-08,1977.8
6337,2025-09-15,1967.21
6337,2025-09-22,1934.51
6337,2025-09-29,1952.78
6337,2025-10-06,1918.15
6337,2025-10-13,1881.6
6337,2025-10-20,1864.28
6337,2025-10-27,2021.08
6337,2025-11-03,2005.69
6337,2025-11-10,1983.57
6337,2025-11-17,1902.76
6337,2025-11-24,1943.16
6337,2025-12-01,1944.13
6337,2025-12-08,1955.67
6337,2025-12-15,1948.94
6337,2025-12-22,1972.02
6337,2025-12-29,1990.3
6337,2026-01-05,2099.96
6337,2026-01-12,2230.79
6337,2026-01-19,2404.91
6337,2026-01-26,2845.49
6337,2026-02-02,2677.14
6337,2026-02-09,2740.63
6337,2026-02-16,2720.43
6337,2026-02-23,2782.96
6337,2026-03-02,2568.44
6337,2026-03-09,2443.39
6337,2026-03-16,2556.9
6337,2026-03-23,2529.0
6337,2026-03-30,2423.0
6337,2026-04-06,2703.0
6337,2026-04-13,2739.0
6337,2026-04-20,2752.0
6337,2026-04-27,2841.0
6337,2026-05-04,2963.0
6337,2026-05-11,2504.0
6337,2026-05-18,2484.0
6337,2026-05-25,2548.0
6337,2026-06-01,2756.0
6337,2026-06-08,2426.0
6337,2026-06-15,2604.0
6337,2026-06-22,2537.0
6337,2026-06-29,2502.0
6337,2026-07-06,2396.0
6337,2026-07-13,2198.0
6337,2026-07-20,2340.0
6337,2026-07-27,3135.0
6364,2025-08-04,2013.33
6364,2025-08-11,1954.51
6364,2025-08-18,1976.69
6364,2025-08-25,2028.76
6364,2025-09-01,1964.16
6364,2025-09-08,1941.01
6364,2025-09-15,1916.91
6364,2025-09-22,1937.16
6364,2025-09-29,1915.73
6364,2025-10-06,1905.02
6364,2025-10-13,1940.08
6364,2025-10-20,1939.1
6364,2025-10-27,1875.8
6364,2025-11-03,1844.63
6364,2025-11-10,1807.62
6364,2025-11-17,1803.73
6364,2025-11-24,1863.14
6364,2025-12-01,1723.86
6364,2025-12-08,1692.7
6364,2025-12-15,1714.13
6364,2025-12-22,1763.8
6364,2025-12-29,1776.46
6364,2026-01-05,1801.78
6364,2026-01-12,1877.75
6364,2026-01-19,1795.94
6364,2026-01-26,1879.69
6364,2026-02-02,2060.85
6364,2026-02-09,2017.02
6364,2026-02-16,2058.9
6364,2026-02-23,2199.14
6364,2026-03-02,2085.19
6364,2026-03-09,1987.8
6364,2026-03-16,1980.01
6364,2026-03-23,1943.0
6364,2026-03-30,1971.0
6364,2026-04-06,2025.0
6364,2026-04-13,1975.0
6364,2026-04-20,1989.0
6364,2026-04-27,2044.0
6364,2026-05-04,2115.0
6364,2026-05-11,1662.0
6364,2026-05-18,1677.0
6364,2026-05-25,1681.0
6364,2026-06-01,1654.0
6364,2026-06-08,1702.0
6364,2026-06-15,1946.0
6364,2026-06-22,1885.0
6364,2026-06-29,1900.0
6364,2026-07-06,1915.0
6364,2026-07-13,1867.0
6364,2026-07-20,1988.0
6364,2026-07-27,2546.0
6379,2025-08-04,1776.63
6379,2025-08-11,1727.41
6379,2025-08-18,1783.25
6379,2025-08-25,1802.18
6379,2025-09-01,1827.74
6379,2025-09-08,1822.06
6379,2025-09-15,1804.08
6379,2025-09-22,1839.1
6379,2025-09-29,1814.87
6379,2025-10-06,1804.21
6379,2025-10-13,1853.63
6379,2025-10-20,1901.11
6379,2025-10-27,1857.51
6379,2025-11-03,1879.79
6379,2025-11-10,2164.67
6379,2025-11-17,2192.77
6379,2025-11-24,2299.36
6379,2025-12-01,2345.87
6379,2025-12-08,2274.16
6379,2025-12-15,2292.57
6379,2025-12-22,2296.45
6379,2025-12-29,2357.49
6379,2026-01-05,2415.63
6379,2026-01-12,2471.83
6379,2026-01-19,2479.58
6379,2026-01-26,2441.79
6379,2026-02-02,2544.5
6379,2026-02-09,2530.94
6379,2026-02-16,2497.99
6379,2026-02-23,2547.41
6379,2026-03-02,2382.69
6379,2026-03-09,2306.14
6379,2026-03-16,2273.19
6379,2026-03-23,2248.0
6379,2026-03-30,2312.0
6379,2026-04-06,2337.0
6379,2026-04-13,2322.0
6379,2026-04-20,2234.0
6379,2026-04-27,2297.0
6379,2026-05-04,2285.0
6379,2026-05-11,2310.0
6379,2026-05-18,2329.0
6379,2026-05-25,2235.0
6379,2026-06-01,2156.0
6379,2026-06-08,2232.0
6379,2026-06-15,2241.0
6379,2026-06-22,2239.0
6379,2026-06-29,2343.0
6379,2026-07-06,2434.0
6379,2026-07-13,2488.0
6379,2026-07-20,2619.0
6379,2026-07-27,2911.0
6381,2025-08-04,1494.73
6381,2025-08-11,1463.45
6381,2025-08-18,1488.09
6381,2025-08-25,1501.36
6381,2025-09-01,1513.68
6381,2025-09-08,1539.28
6381,2025-09-15,1529.8
6381,2025-09-22,1546.86
6381,2025-09-29,1511.86
6381,2025-10-06,1497.27
6381,2025-10-13,1482.69
6381,2025-10-20,1538.11
6381,2025-10-27,1476.86
6381,2025-11-03,1470.05
6381,2025-11-10,1458.38
6381,2025-11-17,1485.61
6381,2025-11-24,1525.47
6381,2025-12-01,1493.38
6381,2025-12-08,1554.64
6381,2025-12-15,1554.64
6381,2025-12-22,1572.14
6381,2025-12-29,1588.67
6381,2026-01-05,1661.58
6381,2026-01-12,1690.75
6381,2026-01-19,1657.7
6381,2026-01-26,1607.14
6381,2026-02-02,1711.17
6381,2026-02-09,1656.72
6381,2026-02-16,1705.34
6381,2026-02-23,1705.34
6381,2026-03-02,1615.89
6381,2026-03-09,1570.19
6381,2026-03-16,1593.53
6381,2026-03-23,1612.0
6381,2026-03-30,1620.0
6381,2026-04-06,1652.0
6381,2026-04-13,1630.0
6381,2026-04-20,1588.0
6381,2026-04-27,1591.0
6381,2026-05-04,1629.0
6381,2026-05-11,1674.0
6381,2026-05-18,1656.0
6381,2026-05-25,1631.0
6381,2026-06-01,1620.0
6381,2026-06-08,1610.0
6381,2026-06-15,1697.0
6381,2026-06-22,1683.0
6381,2026-06-29,1753.0
6381,2026-07-06,1760.0
6381,2026-07-13,1720.0
6381,2026-07-20,1769.0
6381,2026-07-27,1803.0
6454,2025-08-04,1383.97
6454,2025-08-11,1391.31
6454,2025-08-18,1383.97
6454,2025-08-25,1386.42
6454,2025-09-01,1398.65
6454,2025-09-08,1410.87
6454,2025-09-15,1379.08
6454,2025-09-22,1374.19
6454,2025-09-29,1364.41
6454,2025-10-06,1347.3
6454,2025-10-13,1325.29
6454,2025-10-20,1366.86
6454,2025-10-27,1366.86
6454,2025-11-03,1535.58
6454,2025-11-10,1577.14
6454,2025-11-17,1594.26
6454,2025-11-24,1679.84
6454,2025-12-01,1635.83
6454,2025-12-08,1626.05
6454,2025-12-15,1643.16
6454,2025-12-22,1660.28
6454,2025-12-29,1689.62
6454,2026-01-05,1662.73
6454,2026-01-12,1689.62
6454,2026-01-19,1628.49
6454,2026-01-26,1599.15
6454,2026-02-02,1564.92
6454,2026-02-09,1626.05
6454,2026-02-16,1638.27
6454,2026-02-23,1701.85
6454,2026-03-02,1662.73
6454,2026-03-09,1714.07
6454,2026-03-16,1689.62
6454,2026-03-23,1650.5
6454,2026-03-30,1673.0
6454,2026-04-06,1654.0
6454,2026-04-13,1723.0
6454,2026-04-20,1691.0
6454,2026-04-27,1796.0
6454,2026-05-04,1795.0
6454,2026-05-11,1772.0
6454,2026-05-18,1631.0
6454,2026-05-25,1659.0
6454,2026-06-01,1628.0
6454,2026-06-08,1647.0
6454,2026-06-15,1661.0
6454,2026-06-22,1709.0
6454,2026-06-29,1703.0
6454,2026-07-06,1710.0
6454,2026-07-13,1712.0
6454,2026-07-20,1714.0
6454,2026-07-27,1843.0
6473,2025-08-04,1323.57
6473,2025-08-11,1338.49
6473,2025-08-18,1369.79
6473,2025-08-25,1399.16
6473,2025-09-01,1459.34
6473,2025-09-08,1456.46
6473,2025-09-15,1458.38
6473,2025-09-22,1474.75
6473,2025-09-29,1436.45
6473,2025-10-06,1420.73
6473,2025-10-13,1402.56
6473,2025-10-20,1504.22
6473,2025-10-27,1521.9
6473,2025-11-03,1592.12
6473,2025-11-10,1584.76
6473,2025-11-17,1546.45
6473,2025-11-24,1667.26
6473,2025-12-01,1639.76
6473,2025-12-08,1733.07
6473,2025-12-15,1732.08
6473,2025-12-22,1685.43
6473,2025-12-29,1704.09
6473,2026-01-05,1770.88
6473,2026-01-12,1916.73
6473,2026-01-19,1867.63
6473,2026-01-26,1787.09
6473,2026-02-02,1874.5
6473,2026-02-09,2002.18
6473,2026-02-16,2009.55
6473,2026-02-23,2110.72
6473,2026-03-02,1871.06
6473,2026-03-09,1718.82
6473,2026-03-16,1640.25
6473,2026-03-23,1654.0
6473,2026-03-30,1697.5
6473,2026-04-06,1765.0
6473,2026-04-13,1750.0
6473,2026-04-20,1682.0
6473,2026-04-27,1867.0
6473,2026-05-04,1924.5
6473,2026-05-11,2027.0
6473,2026-05-18,1931.0
6473,2026-05-25,2166.0
6473,2026-06-01,2106.5
6473,2026-06-08,1991.5
6473,2026-06-15,2057.5
6473,2026-06-22,2029.0
6473,2026-06-29,2131.0
6473,2026-07-06,2110.0
6473,2026-07-13,2039.5
6473,2026-07-20,2025.5
6473,2026-07-27,2216.0
6517,2025-08-04,2982.99
6517,2025-08-11,2875.31
6517,2025-08-18,2919.93
6517,2025-08-25,2759.87
6517,2025-09-01,2762.78
6517,2025-09-08,2830.68
6517,2025-09-15,2853.97
6517,2025-09-22,2939.33
6517,2025-09-29,2804.43
6517,2025-10-06,2757.16
6517,2025-10-13,2831.02
6517,2025-10-20,2973.8
6517,2025-10-27,2829.05
6517,2025-11-03,2857.6
6517,2025-11-10,3047.65
6517,2025-11-17,3067.34
6517,2025-11-24,3269.21
6517,2025-12-01,3106.73
6517,2025-12-08,3298.75
6517,2025-12-15,3274.13
6517,2025-12-22,3323.37
6517,2025-12-29,3530.15
6517,2026-01-05,3495.69
6517,2026-01-12,3638.47
6517,2026-01-19,3638.47
6517,2026-01-26,3608.93
6517,2026-02-02,3623.7
6517,2026-02-09,3687.71
6517,2026-02-16,3781.25
6517,2026-02-23,3835.41
6517,2026-03-02,3668.01
6517,2026-03-09,3608.93
6517,2026-03-16,3584.31
6517,2026-03-23,3540.0
6517,2026-03-30,3475.0
6517,2026-04-06,3530.0
6517,2026-04-13,3530.0
6517,2026-04-20,3525.0
6517,2026-04-27,3645.0
6517,2026-05-04,3750.0
6517,2026-05-11,3810.0
6517,2026-05-18,3680.0
6517,2026-05-25,3570.0
6517,2026-06-01,3575.0
6517,2026-06-08,3630.0
6517,2026-06-15,3760.0
6517,2026-06-22,3620.0
6517,2026-06-29,3690.0
6517,2026-07-06,3550.0
6517,2026-07-13,3485.0
6517,2026-07-20,3610.0
6517,2026-07-27,4015.0
6545,2025-08-04,676.59
6545,2025-08-11,626.79
6545,2025-08-18,618.01
6545,2025-08-25,618.98
6545,2025-09-01,615.08
6545,2025-09-08,620.94
6545,2025-09-15,639.49
6545,2025-09-22,636.56
6545,2025-09-29,619.96
6545,2025-10-06,620.94
6545,2025-10-13,620.94
6545,2025-10-20,625.82
6545,2025-10-27,619.96
6545,2025-11-03,613.13
6545,2025-11-10,616.06
6545,2025-11-17,591.65
6545,2025-11-24,603.36
6545,2025-12-01,604.34
6545,2025-12-08,622.89
6545,2025-12-15,624.84
6545,2025-12-22,617.03
6545,2025-12-29,639.49
6545,2026-01-05,658.04
6545,2026-01-12,681.47
6545,2026-01-19,684.4
6545,2026-01-26,677.56
6545,2026-02-02,683.42
6545,2026-02-09,668.78
6545,2026-02-16,711.73
6545,2026-02-23,738.09
6545,2026-03-02,743.95
6545,2026-03-09,799.6
6545,2026-03-16,770.31
6545,2026-03-23,742.0
6545,2026-03-30,758.0
6545,2026-04-06,746.0
6545,2026-04-13,741.0
6545,2026-04-20,715.0
6545,2026-04-27,717.0
6545,2026-05-04,710.0
6545,2026-05-11,733.0
6545,2026-05-18,721.0
6545,2026-05-25,717.0
6545,2026-06-01,709.0
6545,2026-06-08,700.0
6545,2026-06-15,701.0
6545,2026-06-22,713.0
6545,2026-06-29,745.0
6545,2026-07-06,793.0
6545,2026-07-13,795.0
6545,2026-07-20,837.0
6545,2026-07-27,871.0
6737,2025-08-04,2098.07
6737,2025-08-11,2082.85
6737,2025-08-18,2138.01
6737,2025-08-25,2134.21
6737,2025-09-01,2173.2
6737,2025-09-08,2167.5
6737,2025-09-15,2130.4
6737,2025-09-22,2177.96
6737,2025-09-29,2070.77
6737,2025-10-06,2078.56
6737,2025-10-13,2124.36
6737,2025-10-20,2144.83
6737,2025-10-27,2134.11
6737,2025-11-03,2132.16
6737,2025-11-10,2106.82
6737,2025-11-17,2148.72
6737,2025-11-24,2192.58
6737,2025-12-01,2100.97
6737,2025-12-08,2143.85
6737,2025-12-15,2171.14
6737,2025-12-22,2181.86
6737,2025-12-29,2179.91
6737,2026-01-05,2214.99
6737,2026-01-12,2285.15
6737,2026-01-19,2308.54
6737,2026-01-26,2105.85
6737,2026-02-02,2131.18
6737,2026-02-09,2130.21
6737,2026-02-16,2205.24
6737,2026-02-23,2244.22
6737,2026-03-02,2162.37
6737,2026-03-09,2086.36
6737,2026-03-16,2090.26
6737,2026-03-23,2100.0
6737,2026-03-30,2126.0
6737,2026-04-06,2125.0
6737,2026-04-13,2154.0
6737,2026-04-20,2068.0
6737,2026-04-27,2056.0
6737,2026-05-04,2203.0
6737,2026-05-11,2378.0
6737,2026-05-18,2557.0
6737,2026-05-25,2636.0
6737,2026-06-01,2635.0
6737,2026-06-08,2496.0
6737,2026-06-15,2489.0
6737,2026-06-22,2342.0
6737,2026-06-29,2520.0
6737,2026-07-06,2677.0
6737,2026-07-13,2610.0
6737,2026-07-20,2775.0
6737,2026-07-27,2896.0
7128,2025-08-04,2324.06
7128,2025-08-11,2219.9
7128,2025-08-18,2176.9
7128,2025-08-25,2175.94
7128,2025-09-01,2215.12
7128,2025-09-08,2222.77
7128,2025-09-15,2253.35
7128,2025-09-22,2255.26
7128,2025-09-29,2191.23
7128,2025-10-06,2177.85
7128,2025-10-13,2156.83
7128,2025-10-20,2197.92
7128,2025-10-27,2160.65
7128,2025-11-03,2143.45
7128,2025-11-10,2110.96
7128,2025-11-17,2107.14
7128,2025-11-24,2162.56
7128,2025-12-01,2127.21
7128,2025-12-08,2186.45
7128,2025-12-15,2172.12
7128,2025-12-22,2205.57
7128,2025-12-29,2221.34
7128,2026-01-05,2297.26
7128,2026-01-12,2401.77
7128,2026-01-19,2303.18
7128,2026-01-26,2250.92
7128,2026-02-02,2297.26
7128,2026-02-09,2301.2
7128,2026-02-16,2248.95
7128,2026-02-23,2320.92
7128,2026-03-02,2230.22
7128,2026-03-09,2171.06
7128,2026-03-16,2156.27
7128,2026-03-23,2174.02
7128,2026-03-30,2231.2
7128,2026-04-06,2225.29
7128,2026-04-13,2173.03
7128,2026-04-20,2128.66
7128,2026-04-27,2125.71
7128,2026-05-04,2124.72
7128,2026-05-11,2044.86
7128,2026-05-18,2055.7
7128,2026-05-25,2056.69
7128,2026-06-01,2013.31
7128,2026-06-08,2008.38
7128,2026-06-15,2035.0
7128,2026-06-22,2105.0
7128,2026-06-29,2186.0
7128,2026-07-06,2515.0
7128,2026-07-13,2558.0
7128,2026-07-20,2692.0
7128,2026-07-27,2865.0
7219,2025-08-04,2135.77
7219,2025-08-11,2182.42
7219,2025-08-18,2214.48
7219,2025-08-25,2156.0
7219,2025-09-01,2153.0
7219,2025-09-08,2185.0
7219,2025-09-15,2179.0
7219,2025-09-22,2169.0
7219,2025-09-29,2197.0
7219,2025-10-06,2247.0
7219,2025-10-13,2175.0
7219,2025-10-20,2180.0
7219,2025-10-27,2188.0
7219,2025-11-03,2205.0
7219,2025-11-10,2202.0
7219,2025-11-17,2249.0
7219,2025-11-24,2244.0
7219,2025-12-01,2215.0
7219,2025-12-08,2225.0
7219,2025-12-15,2226.0
7219,2025-12-22,2245.0
7219,2025-12-29,2260.0
7219,2026-01-05,2242.0
7219,2026-01-12,2192.0
7219,2026-01-19,2238.0
7219,2026-01-26,2191.0
7219,2026-02-02,2220.0
7219,2026-02-09,2222.0
7219,2026-02-16,2231.0
7219,2026-02-23,2255.0
7219,2026-03-02,2343.0
7219,2026-03-09,2320.0
7219,2026-03-16,2309.0
7219,2026-03-23,2286.0
7219,2026-03-30,2292.0
7219,2026-04-06,2310.0
7219,2026-04-13,2302.0
7219,2026-04-20,2217.0
7219,2026-04-27,2258.0
7219,2026-05-04,2270.0
7219,2026-05-11,2300.0
7219,2026-05-18,2290.0
7219,2026-05-25,2345.0
7219,2026-06-01,2321.0
7219,2026-06-08,2264.0
7219,2026-06-15,2297.0
7219,2026-06-22,2284.0
7219,2026-06-29,2305.0
7219,2026-07-06,2330.0
7219,2026-07-13,2420.0
7219,2026-07-20,2520.0
7219,2026-07-27,2625.0
7282,2025-08-04,3372.44
7282,2025-08-11,3299.98
7282,2025-08-18,3429.43
7282,2025-08-25,3483.53
7282,2025-09-01,3681.57
7282,2025-09-08,3633.27
7282,2025-09-15,3584.0
7282,2025-09-22,3664.18
7282,2025-09-29,3533.98
7282,2025-10-06,3577.06
7282,2025-10-13,3545.73
7282,2025-10-20,3683.76
7282,2025-10-27,3501.68
7282,2025-11-03,3751.31
7282,2025-11-10,3753.26
7282,2025-11-17,3373.44
7282,2025-11-24,3494.82
7282,2025-12-01,3389.1
7282,2025-12-08,3719.98
7282,2025-12-15,3963.74
7282,2025-12-22,3832.56
7282,2025-12-29,3859.97
7282,2026-01-05,3967.65
7282,2026-01-12,4243.71
7282,2026-01-19,4258.4
7282,2026-01-26,4102.75
7282,2026-02-02,4908.42
7282,2026-02-09,4985.75
7282,2026-02-16,4781.15
7282,2026-02-23,4983.8
7282,2026-03-02,4589.28
7282,2026-03-09,4264.27
7282,2026-03-16,4080.23
7282,2026-03-23,4091.0
7282,2026-03-30,4120.0
7282,2026-04-06,4264.0
7282,2026-04-13,4257.0
7282,2026-04-20,4022.0
7282,2026-04-27,4538.0
7282,2026-05-04,4659.0
7282,2026-05-11,4771.0
7282,2026-05-18,4593.0
7282,2026-05-25,4827.0
7282,2026-06-01,4716.0
7282,2026-06-08,4577.0
7282,2026-06-15,5027.0
7282,2026-06-22,5225.0
7282,2026-06-29,5230.0
7282,2026-07-06,5084.0
7282,2026-07-13,4920.0
7282,2026-07-20,5011.0
7282,2026-07-27,5562.0
7322,2025-08-04,840.08
7322,2025-08-11,854.63
7322,2025-08-18,880.09
7322,2025-08-25,874.02
7322,2025-09-01,853.42
7322,2025-09-08,853.42
7322,2025-09-15,840.08
7322,2025-09-22,878.87
7322,2025-09-29,860.12
7322,2025-10-06,866.29
7322,2025-10-13,874.92
7322,2025-10-20,898.37
7322,2025-10-27,900.84
7322,2025-11-03,920.58
7322,2025-11-10,942.8
7322,2025-11-17,950.2
7322,2025-11-24,1009.43
7322,2025-12-01,1004.5
7322,2025-12-08,1010.67
7322,2025-12-15,1042.75
7322,2025-12-22,1043.99
7322,2025-12-29,1087.18
7322,2026-01-05,1148.88
7322,2026-01-12,1229.09
7322,2026-01-19,1263.64
7322,2026-01-26,1234.03
7322,2026-02-02,1377.17
7322,2026-02-09,1505.51
7322,2026-02-16,1510.45
7322,2026-02-23,1557.34
7322,2026-03-02,1515.38
7322,2026-03-09,1495.64
7322,2026-03-16,1503.04
7322,2026-03-23,1545.0
7322,2026-03-30,1516.0
7322,2026-04-06,1646.0
7322,2026-04-13,1680.0
7322,2026-04-20,1529.0
7322,2026-04-27,1634.0
7322,2026-05-04,1659.0
7322,2026-05-11,1697.0
7322,2026-05-18,1711.0
7322,2026-05-25,1598.0
7322,2026-06-01,1612.0
7322,2026-06-08,1751.0
7322,2026-06-15,1660.0
7322,2026-06-22,1721.0
7322,2026-06-29,1825.0
7322,2026-07-06,1799.0
7322,2026-07-13,1775.0
7322,2026-07-20,1997.0
7322,2026-07-27,1910.0
7433,2025-08-04,3625.71
7433,2025-08-11,3659.06
7433,2025-08-18,3711.47
7433,2025-08-25,3768.64
7433,2025-09-01,3863.93
7433,2025-09-08,3844.87
7433,2025-09-15,3849.64
7433,2025-09-22,3882.99
7433,2025-09-29,3726.69
7433,2025-10-06,3663.19
7433,2025-10-13,3682.73
7433,2025-10-20,3731.57
7433,2025-10-27,3770.65
7433,2025-11-03,3726.69
7433,2025-11-10,3751.11
7433,2025-11-17,3756.0
7433,2025-11-24,3829.26
7433,2025-12-01,3785.3
7433,2025-12-08,3790.19
7433,2025-12-15,3775.53
7433,2025-12-22,3824.38
7433,2025-12-29,3824.38
7433,2026-01-05,3853.68
7433,2026-01-12,3907.41
7433,2026-01-19,3917.18
7433,2026-01-26,4053.94
7433,2026-02-02,4190.69
7433,2026-02-09,4234.65
7433,2026-02-16,4220.0
7433,2026-02-23,4332.34
7433,2026-03-02,4127.2
7433,2026-03-09,4093.01
7433,2026-03-16,4073.47
7433,2026-03-23,4220.0
7433,2026-03-30,4230.0
7433,2026-04-06,4280.0
7433,2026-04-13,4235.0
7433,2026-04-20,4145.0
7433,2026-04-27,4165.0
7433,2026-05-04,4205.0
7433,2026-05-11,4570.0
7433,2026-05-18,4535.0
7433,2026-05-25,4545.0
7433,2026-06-01,4575.0
7433,2026-06-08,4475.0
7433,2026-06-15,4530.0
7433,2026-06-22,4550.0
7433,2026-06-29,4635.0
7433,2026-07-06,4590.0
7433,2026-07-13,4400.0
7433,2026-07-20,4590.0
7433,2026-07-27,4940.0
7442,2025-08-04,407.78
7442,2025-08-11,410.71
7442,2025-08-18,411.69
7442,2025-08-25,405.83
7442,2025-09-01,401.93
7442,2025-09-08,401.93
7442,2025-09-15,403.88
7442,2025-09-22,406.81
7442,2025-09-29,401.93
7442,2025-10-06,404.86
7442,2025-10-13,403.88
7442,2025-10-20,404.86
7442,2025-10-27,401.93
7442,2025-11-03,392.18
7442,2025-11-10,395.1
7442,2025-11-17,395.1
7442,2025-11-24,403.88
7442,2025-12-01,404.86
7442,2025-12-08,406.81
7442,2025-12-15,410.71
7442,2025-12-22,431.2
7442,2025-12-29,434.12
7442,2026-01-05,461.44
7442,2026-01-12,469.24
7442,2026-01-19,468.27
7442,2026-01-26,469.24
7442,2026-02-02,476.07
7442,2026-02-09,477.05
7442,2026-02-16,470.22
7442,2026-02-23,475.1
7442,2026-03-02,461.44
7442,2026-03-09,450.71
7442,2026-03-16,453.64
7442,2026-03-23,479.0
7442,2026-03-30,457.0
7442,2026-04-06,451.0
7442,2026-04-13,454.0
7442,2026-04-20,448.0
7442,2026-04-27,445.0
7442,2026-05-04,455.0
7442,2026-05-11,446.0
7442,2026-05-18,445.0
7442,2026-05-25,450.0
7442,2026-06-01,458.0
7442,2026-06-08,483.0
7442,2026-06-15,479.0
7442,2026-06-22,463.0
7442,2026-06-29,476.0
7442,2026-07-06,478.0
7442,2026-07-13,482.0
7442,2026-07-20,489.0
7442,2026-07-27,498.0
7466,2025-08-04,1197.4
7466,2025-08-11,1142.05
7466,2025-08-18,1173.13
7466,2025-08-25,1131.85
7466,2025-09-01,1148.85
7466,2025-09-08,1153.22
7466,2025-09-15,1147.39
7466,2025-09-22,1161.96
7466,2025-09-29,1125.03
7466,2025-10-06,1125.03
7466,2025-10-13,1118.63
7466,2025-10-20,1150.63
7466,2025-10-27,1103.37
7466,2025-11-03,1121.09
7466,2025-11-10,1119.61
7466,2025-11-17,1145.22
7466,2025-11-24,1164.91
7466,2025-12-01,1140.79
7466,2025-12-08,1139.8
7466,2025-12-15,1142.26
7466,2025-12-22,1155.56
7466,2025-12-29,1167.37
7466,2026-01-05,1186.57
7466,2026-01-12,1195.93
7466,2026-01-19,1172.3
7466,2026-01-26,1142.26
7466,2026-02-02,1177.71
7466,2026-02-09,1285.54
7466,2026-02-16,1306.71
7466,2026-02-23,1345.11
7466,2026-03-02,1280.12
7466,2026-03-09,1286.03
7466,2026-03-16,1268.31
7466,2026-03-23,1288.0
7466,2026-03-30,1267.0
7466,2026-04-06,1321.0
7466,2026-04-13,1325.0
7466,2026-04-20,1270.0
7466,2026-04-27,1261.0
7466,2026-05-04,1246.0
7466,2026-05-11,1212.0
7466,2026-05-18,1238.0
7466,2026-05-25,1249.0
7466,2026-06-01,1238.0
7466,2026-06-08,1214.0
7466,2026-06-15,1266.0
7466,2026-06-22,1269.0
7466,2026-06-29,1313.0
7466,2026-07-06,1376.0
7466,2026-07-13,1346.0
7466,2026-07-20,1350.0
7466,2026-07-27,1387.0
7504,2025-08-04,2789.96
7504,2025-08-11,2795.74
7504,2025-08-18,2791.89
7504,2025-08-25,2789.96
7504,2025-09-01,2833.3
7504,2025-09-08,2811.15
7504,2025-09-15,2868.93
7504,2025-09-22,2918.05
7504,2025-09-29,2768.81
7504,2025-10-06,2768.81
7504,2025-10-13,2826.74
7504,2025-10-20,2863.06
7504,2025-10-27,2804.15
7504,2025-11-03,2792.37
7504,2025-11-10,2896.45
7504,2025-11-17,2897.43
7504,2025-11-24,2920.01
7504,2025-12-01,2838.52
7504,2025-12-08,2828.7
7504,2025-12-15,2876.81
7504,2025-12-22,2960.27
7504,2025-12-29,2921.98
7504,2026-01-05,2979.9
7504,2026-01-12,3063.36
7504,2026-01-19,3097.73
7504,2026-01-26,2950.45
7504,2026-02-02,3004.45
7504,2026-02-09,3195.91
7504,2026-02-16,3220.46
7504,2026-02-23,3392.28
7504,2026-03-02,3205.73
7504,2026-03-09,3092.82
7504,2026-03-16,3068.27
7504,2026-03-23,3137.0
7504,2026-03-30,3095.0
7504,2026-04-06,3015.0
7504,2026-04-13,2977.0
7504,2026-04-20,2901.0
7504,2026-04-27,2974.0
7504,2026-05-04,3005.0
7504,2026-05-11,2872.0
7504,2026-05-18,2826.0
7504,2026-05-25,2848.0
7504,2026-06-01,2795.0
7504,2026-06-08,2984.0
7504,2026-06-15,3085.0
7504,2026-06-22,3315.0
7504,2026-06-29,3640.0
7504,2026-07-06,3845.0
7504,2026-07-13,3575.0
7504,2026-07-20,3830.0
7504,2026-07-27,4140.0
7740,2025-08-04,894.62
7740,2025-08-11,922.43
7740,2025-08-18,959.82
7740,2025-08-25,978.04
7740,2025-09-01,995.3
7740,2025-09-08,996.26
7740,2025-09-15,1002.97
7740,2025-09-22,1019.27
7740,2025-09-29,1004.89
7740,2025-10-06,1028.86
7740,2025-10-13,1005.85
7740,2025-10-20,1062.42
7740,2025-10-27,1051.87
7740,2025-11-03,979.96
7740,2025-11-10,1001.05
7740,2025-11-17,986.67
7740,2025-11-24,1006.81
7740,2025-12-01,989.55
7740,2025-12-08,991.46
7740,2025-12-15,995.3
7740,2025-12-22,1012.56
7740,2025-12-29,1016.74
7740,2026-01-05,1034.44
7740,2026-01-12,1055.09
7740,2026-01-19,1044.27
7740,2026-01-26,1010.84
7740,2026-02-02,1009.85
7740,2026-02-09,995.11
7740,2026-02-16,1007.89
7740,2026-02-23,1035.42
7740,2026-03-02,993.14
7740,2026-03-09,979.37
7740,2026-03-16,978.39
7740,2026-03-23,1001.01
7740,2026-03-30,1009.85
7740,2026-04-06,1034.44
7740,2026-04-13,1086.55
7740,2026-04-20,1064.92
7740,2026-04-27,1051.15
7740,2026-05-04,1004.94
7740,2026-05-11,1054.1
7740,2026-05-18,1010.84
7740,2026-05-25,1036.4
7740,2026-06-01,1031.49
7740,2026-06-08,1001.99
7740,2026-06-15,1213.4
7740,2026-06-22,1178.0
7740,2026-06-29,1142.0
7740,2026-07-06,1143.0
7740,2026-07-13,1127.0
7740,2026-07-20,1116.0
7740,2026-07-27,1438.0
7952,2025-08-04,2495.39
7952,2025-08-11,2466.38
7952,2025-08-18,2523.43
7952,2025-08-25,2495.39
7952,2025-09-01,2470.25
7952,2025-09-08,2548.56
7952,2025-09-15,2527.29
7952,2025-09-22,2555.33
7952,2025-09-29,2457.68
7952,2025-10-06,2513.76
7952,2025-10-13,2510.86
7952,2025-10-20,2517.62
7952,2025-10-27,2507.96
7952,2025-11-03,2494.42
7952,2025-11-10,2479.92
7952,2025-11-17,2380.33
7952,2025-11-24,2400.64
7952,2025-12-01,2377.43
7952,2025-12-08,2346.5
7952,2025-12-15,2528.26
7952,2025-12-22,2646.21
7952,2025-12-29,2654.91
7952,2026-01-05,2845.38
7952,2026-01-12,2818.31
7952,2026-01-19,2694.55
7952,2026-01-26,2612.37
7952,2026-02-02,2747.73
7952,2026-02-09,2855.05
7952,2026-02-16,2854.08
7952,2026-02-23,2875.35
7952,2026-03-02,2759.33
7952,2026-03-09,2687.79
7952,2026-03-16,2630.74
7952,2026-03-23,2769.0
7952,2026-03-30,3005.0
7952,2026-04-06,3030.0
7952,2026-04-13,3050.0
7952,2026-04-20,2786.0
7952,2026-04-27,2769.0
7952,2026-05-04,2740.0
7952,2026-05-11,3120.0
7952,2026-05-18,2950.0
7952,2026-05-25,3300.0
7952,2026-06-01,3140.0
7952,2026-06-08,3020.0
7952,2026-06-15,3295.0
7952,2026-06-22,3320.0
7952,2026-06-29,3265.0
7952,2026-07-06,3205.0
7952,2026-07-13,3205.0
7952,2026-07-20,3265.0
7952,2026-07-27,3480.0
7957,2025-08-04,1731.18
7957,2025-08-11,1493.74
7957,2025-08-18,1507.36
7957,2025-08-25,1469.41
7957,2025-09-01,1457.73
7957,2025-09-08,1463.57
7957,2025-09-15,1459.68
7957,2025-09-22,1486.92
7957,2025-09-29,1502.49
7957,2025-10-06,1488.87
7957,2025-10-13,1466.49
7957,2025-10-20,1485.95
7957,2025-10-27,1464.54
7957,2025-11-03,1420.75
7957,2025-11-10,1445.08
7957,2025-11-17,1440.22
7957,2025-11-24,1455.79
7957,2025-12-01,1465.52
7957,2025-12-08,1449.95
7957,2025-12-15,1430.48
7957,2025-12-22,1448.0
7957,2025-12-29,1473.0
7957,2026-01-05,1449.0
7957,2026-01-12,1445.0
7957,2026-01-19,1455.0
7957,2026-01-26,1444.0
7957,2026-02-02,1456.0
7957,2026-02-09,1470.0
7957,2026-02-16,1431.0
7957,2026-02-23,1489.0
7957,2026-03-02,1449.0
7957,2026-03-09,1459.0
7957,2026-03-16,1440.0
7957,2026-03-23,1410.0
7957,2026-03-30,1390.0
7957,2026-04-06,1393.0
7957,2026-04-13,1380.0
7957,2026-04-20,1416.0
7957,2026-04-27,1382.0
7957,2026-05-04,1387.0
7957,2026-05-11,1391.0
7957,2026-05-18,1629.0
7957,2026-05-25,1642.0
7957,2026-06-01,1658.0
7957,2026-06-08,1624.0
7957,2026-06-15,1625.0
7957,2026-06-22,1681.0
7957,2026-06-29,1785.0
7957,2026-07-06,1829.0
7957,2026-07-13,1853.0
7957,2026-07-20,1950.0
7957,2026-07-27,2110.0
7976,2025-08-04,2008.47
7976,2025-08-11,1977.18
7976,2025-08-18,2029.01
7976,2025-08-25,1937.09
7976,2025-09-01,2081.81
7976,2025-09-08,2124.83
7976,2025-09-15,2160.04
7976,2025-09-22,2176.66
7976,2025-09-29,2122.88
7976,2025-10-06,2131.68
7976,2025-10-13,2125.81
7976,2025-10-20,2110.17
7976,2025-10-27,2002.61
7976,2025-11-03,2087.68
7976,2025-11-10,2090.61
7976,2025-11-17,2079.85
7976,2025-11-24,2102.34
7976,2025-12-01,2087.68
7976,2025-12-08,2169.81
7976,2025-12-15,2129.72
7976,2025-12-22,2174.7
7976,2025-12-29,2153.93
7976,2026-01-05,2204.39
7976,2026-01-12,2284.53
7976,2026-01-19,2325.09
7976,2026-01-26,2265.73
7976,2026-02-02,2307.28
7976,2026-02-09,2157.88
7976,2026-02-16,2252.87
7976,2026-02-23,2426.01
7976,2026-03-02,2283.54
7976,2026-03-09,2289.47
7976,2026-03-16,2319.16
7976,2026-03-23,2384.46
7976,2026-03-30,2412.16
7976,2026-04-06,2436.9
7976,2026-04-13,2462.62
7976,2026-04-20,2342.9
7976,2026-04-27,2520.01
7976,2026-05-04,2494.28
7976,2026-05-11,2531.88
7976,2026-05-18,2572.44
7976,2026-05-25,2595.2
7976,2026-06-01,2461.63
7976,2026-06-08,2581.35
7976,2026-06-15,2521.98
7976,2026-06-22,2660.5
7976,2026-06-29,2690.0
7976,2026-07-06,2696.0
7976,2026-07-13,2688.0
7976,2026-07-20,2610.0
7976,2026-07-27,2771.0
8011,2025-08-04,3135.15
8011,2025-08-11,3043.64
8011,2025-08-18,3115.88
8011,2025-08-25,3092.11
8011,2025-09-01,3269.37
8011,2025-09-08,3377.69
8011,2025-09-15,3397.39
8011,2025-09-22,3471.24
8011,2025-09-29,3298.91
8011,2025-10-06,3185.66
8011,2025-10-13,3269.37
8011,2025-10-20,3392.46
8011,2025-10-27,3131.5
8011,2025-11-03,3175.82
8011,2025-11-10,3293.99
8011,2025-11-17,3412.16
8011,2025-11-24,3333.38
8011,2025-12-01,3550.02
8011,2025-12-08,3559.87
8011,2025-12-15,3766.67
8011,2025-12-22,3737.12
8011,2025-12-29,3830.68
8011,2026-01-05,4012.85
8011,2026-01-12,4155.64
8011,2026-01-19,4111.33
8011,2026-01-26,4318.13
8011,2026-02-02,4204.88
8011,2026-02-09,4549.54
8011,2026-02-16,4332.9
8011,2026-02-23,4335.0
8011,2026-03-02,4085.0
8011,2026-03-09,3985.0
8011,2026-03-16,3880.0
8011,2026-03-23,3975.0
8011,2026-03-30,4005.0
8011,2026-04-06,4015.0
8011,2026-04-13,4030.0
8011,2026-04-20,3825.0
8011,2026-04-27,3925.0
8011,2026-05-04,3680.0
8011,2026-05-11,3825.0
8011,2026-05-18,3710.0
8011,2026-05-25,3725.0
8011,2026-06-01,3660.0
8011,2026-06-08,3790.0
8011,2026-06-15,3990.0
8011,2026-06-22,3950.0
8011,2026-06-29,4375.0
8011,2026-07-06,4235.0
8011,2026-07-13,4190.0
8011,2026-07-20,4625.0
8011,2026-07-27,4900.0
8037,2025-08-04,2657.85
8037,2025-08-11,2751.4
8037,2025-08-18,2766.83
8037,2025-08-25,2740.79
8037,2025-09-01,2809.26
8037,2025-09-08,2816.97
8037,2025-09-15,2851.69
8037,2025-09-22,2922.09
8037,2025-09-29,2823.06
8037,2025-10-06,2775.99
8037,2025-10-13,2805.41
8037,2025-10-20,2966.22
8037,2025-10-27,2861.3
8037,2025-11-03,2927.0
8037,2025-11-10,2786.77
8037,2025-11-17,2756.38
8037,2025-11-24,2851.49
8037,2025-12-01,2786.77
8037,2025-12-08,2836.78
8037,2025-12-15,2951.51
8037,2025-12-22,2934.84
8037,2025-12-29,2961.32
8037,2026-01-05,3128.01
8037,2026-01-12,3240.78
8037,2026-01-19,3186.85
8037,2026-01-26,3020.15
8037,2026-02-02,3162.33
8037,2026-02-09,3196.65
8037,2026-02-16,3211.36
8037,2026-02-23,3329.03
8037,2026-03-02,3103.5
8037,2026-03-09,3010.34
8037,2026-03-16,3083.89
8037,2026-03-23,3280.0
8037,2026-03-30,3450.0
8037,2026-04-06,3425.0
8037,2026-04-13,3295.0
8037,2026-04-20,3185.0
8037,2026-04-27,3220.0
8037,2026-05-04,3345.0
8037,2026-05-11,3335.0
8037,2026-05-18,3565.0
8037,2026-05-25,3605.0
8037,2026-06-01,3440.0
8037,2026-06-08,3430.0
8037,2026-06-15,3490.0
8037,2026-06-22,3455.0
8037,2026-06-29,3545.0
8037,2026-07-06,3640.0
8037,2026-07-13,3630.0
8037,2026-07-20,3720.0
8037,2026-07-27,3895.0
8065,2025-08-04,1644.34
8065,2025-08-11,1608.72
8065,2025-08-18,1632.79
8065,2025-08-25,1665.52
8065,2025-09-01,1680.93
8065,2025-09-08,1669.37
8065,2025-09-15,1662.63
8065,2025-09-22,1874.43
8065,2025-09-29,1950.04
8065,2025-10-06,2014.84
8065,2025-10-13,2030.55
8065,2025-10-20,2116.96
8065,2025-10-27,2115.0
8065,2025-11-03,2049.21
8065,2025-11-10,2080.63
8065,2025-11-17,2138.56
8065,2025-11-24,2200.42
8065,2025-12-01,2106.16
8065,2025-12-08,2180.78
8065,2025-12-15,2166.06
8065,2025-12-22,2203.37
8065,2025-12-29,2212.2
8065,2026-01-05,2295.67
8065,2026-01-12,2360.47
8065,2026-01-19,2322.18
8065,2026-01-26,2303.52
8065,2026-02-02,2340.83
8065,2026-02-09,2392.87
8065,2026-02-16,2387.96
8065,2026-02-23,2464.55
8065,2026-03-02,2319.23
8065,2026-03-09,2284.86
8065,2026-03-16,2420.37
8065,2026-03-23,2386.0
8065,2026-03-30,2412.0
8065,2026-04-06,2471.0
8065,2026-04-13,2736.0
8065,2026-04-20,2712.0
8065,2026-04-27,2774.0
8065,2026-05-04,3125.0
8065,2026-05-11,3120.0
8065,2026-05-18,3095.0
8065,2026-05-25,3240.0
8065,2026-06-01,3295.0
8065,2026-06-08,3150.0
8065,2026-06-15,3165.0
8065,2026-06-22,2875.0
8065,2026-06-29,2879.0
8065,2026-07-06,2990.0
8065,2026-07-13,2979.0
8065,2026-07-20,3030.0
8065,2026-07-27,3250.0
8084,2025-08-04,2904.97
8084,2025-08-11,2938.52
8084,2025-08-18,2938.52
8084,2025-08-25,2952.91
8084,2025-09-01,3020.02
8084,2025-09-08,3053.57
8084,2025-09-15,3043.99
8084,2025-09-22,3053.57
8084,2025-09-29,2987.94
8084,2025-10-06,2914.46
8084,2025-10-13,2958.55
8084,2025-10-20,3046.72
8084,2025-10-27,3134.88
8084,2025-11-03,2978.14
8084,2025-11-10,3090.8
8084,2025-11-17,3134.88
8084,2025-11-24,3208.36
8084,2025-12-01,3257.34
8084,2025-12-08,3409.19
8084,2025-12-15,3423.88
8084,2025-12-22,3477.76
8084,2025-12-29,3536.54
8084,2026-01-05,3551.24
8084,2026-01-12,3712.88
8084,2026-01-19,3761.86
8084,2026-01-26,3605.12
8084,2026-02-02,3531.64
8084,2026-02-09,3590.42
8084,2026-02-16,3477.76
8084,2026-02-23,3644.3
8084,2026-03-02,3399.39
8084,2026-03-09,3262.24
8084,2026-03-16,3286.73
8084,2026-03-23,3370.0
8084,2026-03-30,3340.0
8084,2026-04-06,3310.0
8084,2026-04-13,3500.0
8084,2026-04-20,3425.0
8084,2026-04-27,3545.0
8084,2026-05-04,3550.0
8084,2026-05-11,3575.0
8084,2026-05-18,3680.0
8084,2026-05-25,3790.0
8084,2026-06-01,3980.0
8084,2026-06-08,3930.0
8084,2026-06-15,3895.0
8084,2026-06-22,3925.0
8084,2026-06-29,4010.0
8084,2026-07-06,3920.0
8084,2026-07-13,3790.0
8084,2026-07-20,3870.0
8084,2026-07-27,4360.0
8133,2025-08-04,2014.84
8133,2025-08-11,1915.16
8133,2025-08-18,1873.55
8133,2025-08-25,1873.55
8133,2025-09-01,1902.58
8133,2025-09-08,1918.07
8133,2025-09-15,1919.03
8133,2025-09-22,1985.81
8133,2025-09-29,1930.78
8133,2025-10-06,1860.04
8133,2025-10-13,1862.0
8133,2025-10-20,1892.46
8133,2025-10-27,1789.29
8133,2025-11-03,1786.34
8133,2025-11-10,1815.82
8133,2025-11-17,1828.59
8133,2025-11-24,1862.98
8133,2025-12-01,1739.18
8133,2025-12-08,1802.06
8133,2025-12-15,1858.07
8133,2025-12-22,1867.9
8133,2025-12-29,1864.95
8133,2026-01-05,1922.92
8133,2026-01-12,1989.74
8133,2026-01-19,2008.41
8133,2026-01-26,1878.71
8133,2026-02-02,1888.53
8133,2026-02-09,1913.1
8133,2026-02-16,1928.82
8133,2026-02-23,2048.69
8133,2026-03-02,1970.09
8133,2026-03-09,1933.73
8133,2026-03-16,1929.8
8133,2026-03-23,1975.0
8133,2026-03-30,2039.0
8133,2026-04-06,2004.0
8133,2026-04-13,1983.0
8133,2026-04-20,1887.0
8133,2026-04-27,1957.0
8133,2026-05-04,2021.0
8133,2026-05-11,2049.0
8133,2026-05-18,1979.0
8133,2026-05-25,1952.0
8133,2026-06-01,1950.0
8133,2026-06-08,2000.0
8133,2026-06-15,1982.0
8133,2026-06-22,2017.0
8133,2026-06-29,2022.0
8133,2026-07-06,2039.0
8133,2026-07-13,2053.0
8133,2026-07-20,2070.0
8133,2026-07-27,2170.0
8157,2025-08-04,3160.72
8157,2025-08-11,3069.03
8157,2025-08-18,3131.77
8157,2025-08-25,3083.51
8157,2025-09-01,3049.73
8157,2025-09-08,3160.72
8157,2025-09-15,3223.45
8157,2025-09-22,3377.87
8157,2025-09-29,3142.89
8157,2025-10-06,3005.81
8157,2025-10-13,2981.34
8157,2025-10-20,3206.53
8157,2025-10-27,3093.93
8157,2025-11-03,2976.44
8157,2025-11-10,3137.99
8157,2025-11-17,3186.95
8157,2025-11-24,3177.15
8157,2025-12-01,3049.87
8157,2025-12-08,3108.62
8157,2025-12-15,3201.63
8157,2025-12-22,3417.03
8157,2025-12-29,3412.14
8157,2026-01-05,3392.55
8157,2026-01-12,3519.84
8157,2026-01-19,3485.57
8157,2026-01-26,3563.9
8157,2026-02-02,3617.75
8157,2026-02-09,3656.91
8157,2026-02-16,3901.68
8157,2026-02-23,4087.71
8157,2026-03-02,3842.94
8157,2026-03-09,3583.48
8157,2026-03-16,3539.42
8157,2026-03-23,3559.0
8157,2026-03-30,3540.0
8157,2026-04-06,3510.0
8157,2026-04-13,3560.0
8157,2026-04-20,3490.0
8157,2026-04-27,3460.0
8157,2026-05-04,3630.0
8157,2026-05-11,3950.0
8157,2026-05-18,4140.0
8157,2026-05-25,4090.0
8157,2026-06-01,4065.0
8157,2026-06-08,3930.0
8157,2026-06-15,4030.0
8157,2026-06-22,3930.0
8157,2026-06-29,3955.0
8157,2026-07-06,4055.0
8157,2026-07-13,3895.0
8157,2026-07-20,3995.0
8157,2026-07-27,3820.0
8159,2025-08-04,2780.83
8159,2025-08-11,2749.9
8159,2025-08-18,2904.56
8159,2025-08-25,2818.53
8159,2025-09-01,2899.72
8159,2025-09-08,2889.09
8159,2025-09-15,2849.46
8159,2025-09-22,2870.73
8159,2025-09-29,2769.46
8159,2025-10-06,2679.02
8159,2025-10-13,2678.03
8159,2025-10-20,2813.7
8159,2025-10-27,2787.16
8159,2025-11-03,2765.53
8159,2025-11-10,2823.54
8159,2025-11-17,2873.68
8159,2025-11-24,2926.76
8159,2025-12-01,2921.85
8159,2025-12-08,2978.87
8159,2025-12-15,3013.28
8159,2025-12-22,2998.53
8159,2025-12-29,3023.11
8159,2026-01-05,3131.25
8159,2026-01-12,3101.76
8159,2026-01-19,3067.35
8159,2026-01-26,2993.62
8159,2026-02-02,3072.27
8159,2026-02-09,3234.48
8159,2026-02-16,3327.88
8159,2026-02-23,3347.54
8159,2026-03-02,3018.19
8159,2026-03-09,2847.13
8159,2026-03-16,2822.55
8159,2026-03-23,2913.0
8159,2026-03-30,2915.0
8159,2026-04-06,2918.0
8159,2026-04-13,2921.0
8159,2026-04-20,2831.0
8159,2026-04-27,2885.0
8159,2026-05-04,3020.0
8159,2026-05-11,3085.0
8159,2026-05-18,3020.0
8159,2026-05-25,3205.0
8159,2026-06-01,3280.0
8159,2026-06-08,3040.0
8159,2026-06-15,3095.0
8159,2026-06-22,3185.0
8159,2026-06-29,3380.0
8159,2026-07-06,3365.0
8159,2026-07-13,3205.0
8159,2026-07-20,3365.0
8159,2026-07-27,3460.0
8596,2025-08-04,1263.59
8596,2025-08-11,1300.05
8596,2025-08-18,1337.47
8596,2025-08-25,1362.42
8596,2025-09-01,1391.2
8596,2025-09-08,1403.67
8596,2025-09-15,1348.03
8596,2025-09-22,1366.26
8596,2025-09-29,1310.47
8596,2025-10-06,1318.3
8596,2025-10-13,1333.96
8596,2025-10-20,1348.64
8596,2025-10-27,1298.73
8596,2025-11-03,1267.41
8596,2025-11-10,1278.17
8596,2025-11-17,1281.11
8596,2025-11-24,1344.72
8596,2025-12-01,1286.98
8596,2025-12-08,1279.15
8596,2025-12-15,1325.15
8596,2025-12-22,1374.09
8596,2025-12-29,1378.0
8596,2026-01-05,1412.25
8596,2026-01-12,1441.62
8596,2026-01-19,1394.64
8596,2026-01-26,1407.36
8596,2026-02-02,1463.15
8596,2026-02-09,1496.42
8596,2026-02-16,1479.78
8596,2026-02-23,1485.66
8596,2026-03-02,1431.83
8596,2026-03-09,1397.57
8596,2026-03-16,1377.02
8596,2026-03-23,1378.0
8596,2026-03-30,1402.0
8596,2026-04-06,1413.0
8596,2026-04-13,1410.0
8596,2026-04-20,1398.0
8596,2026-04-27,1390.0
8596,2026-05-04,1417.0
8596,2026-05-11,1443.0
8596,2026-05-18,1445.0
8596,2026-05-25,1425.0
8596,2026-06-01,1393.0
8596,2026-06-08,1419.0
8596,2026-06-15,1444.0
8596,2026-06-22,1430.0
8596,2026-06-29,1467.0
8596,2026-07-06,1461.0
8596,2026-07-13,1450.0
8596,2026-07-20,1508.0
8596,2026-07-27,1579.0
8609,2025-08-04,622.31
8609,2025-08-11,638.36
8609,2025-08-18,632.69
8609,2025-08-25,645.92
8609,2025-09-01,644.03
8609,2025-09-08,650.64
8609,2025-09-15,657.25
8609,2025-09-22,660.08
8609,2025-09-29,633.64
8609,2025-10-06,637.42
8609,2025-10-13,646.86
8609,2025-10-20,653.47
8609,2025-10-27,653.47
8609,2025-11-03,640.25
8609,2025-11-10,674.24
8609,2025-11-17,677.08
8609,2025-11-24,682.74
8609,2025-12-01,678.97
8609,2025-12-08,695.96
8609,2025-12-15,691.24
8609,2025-12-22,711.07
8609,2025-12-29,710.13
8609,2026-01-05,748.85
8609,2026-01-12,827.22
8609,2026-01-19,820.61
8609,2026-01-26,834.78
8609,2026-02-02,879.16
8609,2026-02-09,900.88
8609,2026-02-16,902.77
8609,2026-02-23,941.49
8609,2026-03-02,827.22
8609,2026-03-09,802.67
8609,2026-03-16,825.34
8609,2026-03-23,848.0
8609,2026-03-30,866.0
8609,2026-04-06,903.0
8609,2026-04-13,911.0
8609,2026-04-20,883.0
8609,2026-04-27,905.0
8609,2026-05-04,890.0
8609,2026-05-11,930.0
8609,2026-05-18,918.0
8609,2026-05-25,941.0
8609,2026-06-01,938.0
8609,2026-06-08,941.0
8609,2026-06-15,949.0
8609,2026-06-22,959.0
8609,2026-06-29,997.0
8609,2026-07-06,1016.0
8609,2026-07-13,1022.0
8609,2026-07-20,1056.0
8609,2026-07-27,1115.0
8613,2025-08-04,879.66
8613,2025-08-11,890.85
8613,2025-08-18,887.12
8613,2025-08-25,896.45
8613,2025-09-01,909.51
8613,2025-09-08,904.85
8613,2025-09-15,914.17
8613,2025-09-22,914.17
8613,2025-09-29,889.1
8613,2025-10-06,900.67
8613,2025-10-13,910.32
8613,2025-10-20,901.64
8613,2025-10-27,894.89
8613,2025-11-03,893.92
8613,2025-11-10,916.1
8613,2025-11-17,922.85
8613,2025-11-24,943.1
8613,2025-12-01,932.5
8613,2025-12-08,945.03
8613,2025-12-15,956.6
8613,2025-12-22,981.68
8613,2025-12-29,978.78
8613,2026-01-05,1010.61
8613,2026-01-12,1036.64
8613,2026-01-19,1032.79
8613,2026-01-26,1019.29
8613,2026-02-02,1036.64
8613,2026-02-09,1048.21
8613,2026-02-16,1042.43
8613,2026-02-23,1078.11
8613,2026-03-02,1007.71
8613,2026-03-09,974.93
8613,2026-03-16,1026.04
8613,2026-03-23,1027.0
8613,2026-03-30,1047.0
8613,2026-04-06,1060.0
8613,2026-04-13,1077.0
8613,2026-04-20,1024.0
8613,2026-04-27,1047.0
8613,2026-05-04,1031.0
8613,2026-05-11,1063.0
8613,2026-05-18,1063.0
8613,2026-05-25,1037.0
8613,2026-06-01,1054.0
8613,2026-06-08,1057.0
8613,2026-06-15,1040.0
8613,2026-06-22,1056.0
8613,2026-06-29,1080.0
8613,2026-07-06,1119.0
8613,2026-07-13,1141.0
8613,2026-07-20,1136.0
8613,2026-07-27,1216.0
8616,2025-08-04,523.73
8616,2025-08-11,538.59
8616,2025-08-18,548.8
8616,2025-08-25,543.23
8616,2025-09-01,549.73
8616,2025-09-08,548.8
8616,2025-09-15,551.59
8616,2025-09-22,570.16
8616,2025-09-29,549.94
8616,2025-10-06,557.64
8616,2025-10-13,557.64
8616,2025-10-20,556.68
8616,2025-10-27,550.9
8616,2025-11-03,568.23
8616,2025-11-10,589.42
8616,2025-11-17,597.13
8616,2025-11-24,623.13
8616,2025-12-01,619.28
8616,2025-12-08,647.21
8616,2025-12-15,641.43
8616,2025-12-22,659.73
8616,2025-12-29,661.66
8616,2026-01-05,689.59
8616,2026-01-12,724.26
8616,2026-01-19,715.59
8616,2026-01-26,712.7
8616,2026-02-02,726.18
8616,2026-02-09,738.7
8616,2026-02-16,744.48
8616,2026-02-23,799.38
8616,2026-03-02,732.93
8616,2026-03-09,714.63
8616,2026-03-16,720.41
8616,2026-03-23,731.0
8616,2026-03-30,737.0
8616,2026-04-06,750.0
8616,2026-04-13,755.0
8616,2026-04-20,716.0
8616,2026-04-27,688.0
8616,2026-05-04,692.0
8616,2026-05-11,710.0
8616,2026-05-18,704.0
8616,2026-05-25,694.0
8616,2026-06-01,709.0
8616,2026-06-08,728.0
8616,2026-06-15,740.0
8616,2026-06-22,764.0
8616,2026-06-29,766.0
8616,2026-07-06,776.0
8616,2026-07-13,778.0
8616,2026-07-20,812.0
8616,2026-07-27,802.0
8622,2025-08-04,492.52
8622,2025-08-11,503.75
8622,2025-08-18,514.05
8622,2025-08-25,516.86
8622,2025-09-01,520.61
8622,2025-09-08,515.93
8622,2025-09-15,535.59
8622,2025-09-22,539.33
8622,2025-09-29,507.61
8622,2025-10-06,509.53
8622,2025-10-13,510.49
8622,2025-10-20,504.72
8622,2025-10-27,493.19
8622,2025-11-03,494.15
8622,2025-11-10,508.57
8622,2025-11-17,507.61
8622,2025-11-24,515.3
8622,2025-12-01,510.49
8622,2025-12-08,524.91
8622,2025-12-15,521.07
8622,2025-12-22,541.26
8622,2025-12-29,532.6
8622,2026-01-05,547.99
8622,2026-01-12,576.83
8622,2026-01-19,577.79
8622,2026-01-26,577.79
8622,2026-02-02,593.17
8622,2026-02-09,606.63
8622,2026-02-16,605.67
8622,2026-02-23,657.58
8622,2026-03-02,691.23
8622,2026-03-09,703.73
8622,2026-03-16,704.69
8622,2026-03-23,697.0
8622,2026-03-30,707.0
8622,2026-04-06,709.0
8622,2026-04-13,715.0
8622,2026-04-20,667.0
8622,2026-04-27,652.0
8622,2026-05-04,653.0
8622,2026-05-11,652.0
8622,2026-05-18,652.0
8622,2026-05-25,632.0
8622,2026-06-01,639.0
8622,2026-06-08,658.0
8622,2026-06-15,658.0
8622,2026-06-22,657.0
8622,2026-06-29,672.0
8622,2026-07-06,697.0
8622,2026-07-13,713.0
8622,2026-07-20,780.0
8622,2026-07-27,815.0
8708,2025-08-04,1245.27
8708,2025-08-11,1282.14
8708,2025-08-18,1282.14
8708,2025-08-25,1307.03
8708,2025-09-01,1324.54
8708,2025-09-08,1304.26
8708,2025-09-15,1317.17
8708,2025-09-22,1318.09
8708,2025-09-29,1256.09
8708,2025-10-06,1235.11
8708,2025-10-13,1262.77
8708,2025-10-20,1249.42
8708,2025-10-27,1246.56
8708,2025-11-03,1205.54
8708,2025-11-10,1277.08
8708,2025-11-17,1275.17
8708,2025-11-24,1285.66
8708,2025-12-01,1274.21
8708,2025-12-08,1276.12
8708,2025-12-15,1312.36
8708,2025-12-22,1352.42
8708,2025-12-29,1333.35
8708,2026-01-05,1356.24
8708,2026-01-12,1385.8
8708,2026-01-19,1378.17
8708,2026-01-26,1351.47
8708,2026-02-02,1366.73
8708,2026-02-09,1395.34
8708,2026-02-16,1410.6
8708,2026-02-23,1476.41
8708,2026-03-02,1389.62
8708,2026-03-09,1411.55
8708,2026-03-16,1411.55
8708,2026-03-23,1423.0
8708,2026-03-30,1532.0
8708,2026-04-06,1618.0
8708,2026-04-13,1631.0
8708,2026-04-20,1409.0
8708,2026-04-27,1439.0
8708,2026-05-04,1456.0
8708,2026-05-11,1479.0
8708,2026-05-18,1495.0
8708,2026-05-25,1420.0
8708,2026-06-01,1434.0
8708,2026-06-08,1473.0
8708,2026-06-15,1466.0
8708,2026-06-22,1461.0
8708,2026-06-29,1554.0
8708,2026-07-06,1584.0
8708,2026-07-13,1592.0
8708,2026-07-20,1649.0
8708,2026-07-27,1707.0
8935,2025-08-04,1313.12
8935,2025-08-11,1340.0
8935,2025-08-18,1416.79
8935,2025-08-25,1392.79
8935,2025-09-01,1562.69
8935,2025-09-08,1536.77
8935,2025-09-15,1520.45
8935,2025-09-22,1553.09
8935,2025-09-29,1493.51
8935,2025-10-06,1458.34
8935,2025-10-13,1473.97
8935,2025-10-20,1536.49
8935,2025-10-27,1474.95
8935,2025-11-03,1383.13
8935,2025-11-10,1418.29
8935,2025-11-17,1446.62
8935,2025-11-24,1433.92
8935,2025-12-01,1368.48
8935,2025-12-08,1359.69
8935,2025-12-15,1374.34
8935,2025-12-22,1411.46
8935,2025-12-29,1414.39
8935,2026-01-05,1468.11
8935,2026-01-12,1507.18
8935,2026-01-19,1469.09
8935,2026-01-26,1430.99
8935,2026-02-02,1666.4
8935,2026-02-09,1780.68
8935,2026-02-16,1829.52
8935,2026-02-23,1902.78
8935,2026-03-02,1771.89
8935,2026-03-09,1680.07
8935,2026-03-16,1636.12
8935,2026-03-23,1599.0
8935,2026-03-30,1591.0
8935,2026-04-06,1615.0
8935,2026-04-13,1546.0
8935,2026-04-20,1504.0
8935,2026-04-27,1489.0
8935,2026-05-04,1484.0
8935,2026-05-11,1703.0
8935,2026-05-18,1798.0
8935,2026-05-25,1867.0
8935,2026-06-01,1786.0
8935,2026-06-08,1752.0
8935,2026-06-15,1756.0
8935,2026-06-22,1749.0
8935,2026-06-29,1788.0
8935,2026-07-06,1826.0
8935,2026-07-13,1781.0
8935,2026-07-20,1832.0
8935,2026-07-27,1910.0
9279,2025-08-04,3354.2
9279,2025-08-11,3324.38
9279,2025-08-18,3070.96
9279,2025-08-25,3036.17
9279,2025-09-01,2981.51
9279,2025-09-08,3115.68
9279,2025-09-15,3652.35
9279,2025-09-22,3463.52
9279,2025-09-29,3314.45
9279,2025-10-06,3369.11
9279,2025-10-13,3418.8
9279,2025-10-20,3339.29
9279,2025-10-27,3220.7
9279,2025-11-03,3215.71
9279,2025-11-10,3330.38
9279,2025-11-17,3275.54
9279,2025-11-24,3300.47
9279,2025-12-01,3165.86
9279,2025-12-08,3086.09
9279,2025-12-15,3300.47
9279,2025-12-22,3430.1
9279,2025-12-29,3350.33
9279,2026-01-05,3794.04
9279,2026-01-12,3838.91
9279,2026-01-19,3804.02
9279,2026-01-26,3664.42
9279,2026-02-02,3818.97
9279,2026-02-09,3868.83
9279,2026-02-16,3908.71
9279,2026-02-23,4202.86
9279,2026-03-02,4118.11
9279,2026-03-09,3868.83
9279,2026-03-16,4462.12
9279,2026-03-23,4801.14
9279,2026-03-30,4566.81
9279,2026-04-06,4671.51
9279,2026-04-13,4487.04
9279,2026-04-20,4506.99
9279,2026-04-27,4280.0
9279,2026-05-04,4370.0
9279,2026-05-11,4360.0
9279,2026-05-18,4190.0
9279,2026-05-25,4125.0
9279,2026-06-01,3845.0
9279,2026-06-08,4180.0
9279,2026-06-15,4130.0
9279,2026-06-22,3970.0
9279,2026-06-29,4285.0
9279,2026-07-06,4370.0
9279,2026-07-13,4835.0
9279,2026-07-20,4790.0
9279,2026-07-27,5130.0
9308,2025-08-04,1333.44
9308,2025-08-11,1512.29
9308,2025-08-18,1595.75
9308,2025-08-25,1601.72
9308,2025-09-01,1626.56
9308,2025-09-08,1598.74
9308,2025-09-15,1603.7
9308,2025-09-22,1660.34
9308,2025-09-29,1625.5
9308,2025-10-06,1592.65
9308,2025-10-13,1568.76
9308,2025-10-20,1599.62
9308,2025-10-27,1559.8
9308,2025-11-03,1550.84
9308,2025-11-10,1415.47
9308,2025-11-17,1391.58
9308,2025-11-24,1451.3
9308,2025-12-01,1452.3
9308,2025-12-08,1356.74
9308,2025-12-15,1340.81
9308,2025-12-22,1361.72
9308,2025-12-29,1365.7
9308,2026-01-05,1380.63
9308,2026-01-12,1365.7
9308,2026-01-19,1328.87
9308,2026-01-26,1289.05
9308,2026-02-02,1287.06
9308,2026-02-09,1500.08
9308,2026-02-16,1538.9
9308,2026-02-23,1640.43
9308,2026-03-02,1631.47
9308,2026-03-09,1598.62
9308,2026-03-16,1589.67
9308,2026-03-23,1502.07
9308,2026-03-30,1535.0
9308,2026-04-06,1541.0
9308,2026-04-13,1593.0
9308,2026-04-20,1452.0
9308,2026-04-27,1516.0
9308,2026-05-04,1531.0
9308,2026-05-11,1614.0
9308,2026-05-18,1554.0
9308,2026-05-25,1618.0
9308,2026-06-01,1542.0
9308,2026-06-08,1529.0
9308,2026-06-15,1505.0
9308,2026-06-22,1440.0
9308,2026-06-29,1467.0
9308,2026-07-06,1588.0
9308,2026-07-13,1656.0
9308,2026-07-20,1736.0
9308,2026-07-27,1890.0
9436,2025-08-04,2572.47
9436,2025-08-11,2606.71
9436,2025-08-18,2562.69
9436,2025-08-25,2459.99
9436,2025-09-01,2513.79
9436,2025-09-08,2567.58
9436,2025-09-15,2567.58
9436,2025-09-22,2606.71
9436,2025-09-29,2590.87
9436,2025-10-06,2601.76
9436,2025-10-13,2596.81
9436,2025-10-20,2626.51
9436,2025-10-27,2547.31
9436,2025-11-03,2579.98
9436,2025-11-10,2712.64
9436,2025-11-17,2739.37
9436,2025-11-24,2776.99
9436,2025-12-01,2735.41
9436,2025-12-08,2778.97
9436,2025-12-15,2767.09
9436,2025-12-22,2776.0
9436,2025-12-29,2803.72
9436,2026-01-05,2823.52
9436,2026-01-12,2910.64
9436,2026-01-19,3103.69
9436,2026-01-26,3207.65
9436,2026-02-02,3247.25
9436,2026-02-09,3187.85
9436,2026-02-16,3272.0
9436,2026-02-23,3321.5
9436,2026-03-02,3351.2
9436,2026-03-09,3375.95
9436,2026-03-16,3395.75
9436,2026-03-23,3470.0
9436,2026-03-30,3510.0
9436,2026-04-06,3425.0
9436,2026-04-13,3410.0
9436,2026-04-20,3375.0
9436,2026-04-27,3285.0
9436,2026-05-04,3185.0
9436,2026-05-11,3395.0
9436,2026-05-18,3570.0
9436,2026-05-25,3550.0
9436,2026-06-01,3665.0
9436,2026-06-08,3740.0
9436,2026-06-15,3650.0
9436,2026-06-22,3685.0
9436,2026-06-29,3845.0
9436,2026-07-06,3745.0
9436,2026-07-13,3735.0
9436,2026-07-20,3825.0
9436,2026-07-27,3870.0
9450,2025-08-04,699.72
9450,2025-08-11,726.67
9450,2025-08-18,726.67
9450,2025-08-25,691.06
9450,2025-09-01,680.47
9450,2025-09-08,695.87
9450,2025-09-15,719.94
9450,2025-09-22,711.27
9450,2025-09-29,668.92
9450,2025-10-06,659.3
9450,2025-10-13,673.74
9450,2025-10-20,674.7
9450,2025-10-27,668.92
9450,2025-11-03,665.07
9450,2025-11-10,657.37
9450,2025-11-17,655.45
9450,2025-11-24,664.11
9450,2025-12-01,642.94
9450,2025-12-08,640.05
9450,2025-12-15,640.05
9450,2025-12-22,654.49
9450,2025-12-29,666.76
9450,2026-01-05,674.62
9450,2026-01-12,678.55
9450,2026-01-19,672.65
9450,2026-01-26,676.58
9450,2026-02-02,680.51
9450,2026-02-09,677.56
9450,2026-02-16,672.65
9450,2026-02-23,687.38
9450,2026-03-02,672.65
9450,2026-03-09,669.71
9450,2026-03-16,694.26
9450,2026-03-23,701.13
9450,2026-03-30,713.9
9450,2026-04-06,700.15
9450,2026-04-13,718.81
9450,2026-04-20,700.15
9450,2026-04-27,695.24
9450,2026-05-04,694.26
9450,2026-05-11,685.42
9450,2026-05-18,689.35
9450,2026-05-25,682.47
9450,2026-06-01,718.81
9450,2026-06-08,731.57
9450,2026-06-15,719.79
9450,2026-06-22,735.5
9450,2026-06-29,754.0
9450,2026-07-06,778.0
9450,2026-07-13,765.0
9450,2026-07-20,765.0
9450,2026-07-27,784.0
9702,2025-08-04,1453.44
9702,2025-08-11,1488.32
9702,2025-08-18,1549.37
9702,2025-08-25,1647.23
9702,2025-09-01,1623.98
9702,2025-09-08,1731.53
9702,2025-09-15,1743.16
9702,2025-09-22,1779.98
9702,2025-09-29,1756.73
9702,2025-10-06,1767.39
9702,2025-10-13,1697.62
9702,2025-10-20,1744.13
9702,2025-10-27,1740.26
9702,2025-11-03,1712.16
9702,2025-11-10,1632.7
9702,2025-11-17,1667.58
9702,2025-11-24,1644.33
9702,2025-12-01,1635.61
9702,2025-12-08,1623.01
9702,2025-12-15,1651.11
9702,2025-12-22,1717.0
9702,2025-12-29,1733.0
9702,2026-01-05,1772.0
9702,2026-01-12,1811.0
9702,2026-01-19,1810.0
9702,2026-01-26,1814.0
9702,2026-02-02,1769.0
9702,2026-02-09,1815.0
9702,2026-02-16,1854.0
9702,2026-02-23,1999.0
9702,2026-03-02,2006.0
9702,2026-03-09,2018.0
9702,2026-03-16,1996.0
9702,2026-03-23,2057.0
9702,2026-03-30,1991.0
9702,2026-04-06,2040.0
9702,2026-04-13,2093.0
9702,2026-04-20,2087.0
9702,2026-04-27,2138.0
9702,2026-05-04,2183.0
9702,2026-05-11,2274.0
9702,2026-05-18,2296.0
9702,2026-05-25,2300.0
9702,2026-06-01,2367.0
9702,2026-06-08,2317.0
9702,2026-06-15,2344.0
9702,2026-06-22,2295.0
9702,2026-06-29,2300.0
9702,2026-07-06,2236.0
9702,2026-07-13,2187.0
9702,2026-07-20,2277.0
9702,2026-07-27,2362.0
9902,2025-08-04,2824.0
9902,2025-08-11,2800.64
9902,2025-08-18,2784.09
9902,2025-08-25,2733.47
9902,2025-09-01,2754.89
9902,2025-09-08,2767.54
9902,2025-09-15,2713.03
9902,2025-09-22,2774.35
9902,2025-09-29,2632.43
9902,2025-10-06,2592.03
9902,2025-10-13,2542.75
9902,2025-10-20,2508.25
9902,2025-10-27,2449.12
9902,2025-11-03,2393.93
9902,2025-11-10,2376.19
9902,2025-11-17,2471.79
9902,2025-11-24,2525.99
9902,2025-12-01,2496.43
9902,2025-12-08,2438.28
9902,2025-12-15,2449.12
9902,2025-12-22,2507.27
9902,2025-12-29,2513.18
9902,2026-01-05,2539.79
9902,2026-01-12,2627.51
9902,2026-01-19,2538.81
9902,2026-01-26,2483.61
9902,2026-02-02,2457.99
9902,2026-02-09,2434.34
9902,2026-02-16,2458.97
9902,2026-02-23,2523.04
9902,2026-03-02,2361.4
9902,2026-03-09,2352.53
9902,2026-03-16,2378.16
9902,2026-03-23,2389.0
9902,2026-03-30,2443.0
9902,2026-04-06,2435.0
9902,2026-04-13,2438.0
9902,2026-04-20,2336.0
9902,2026-04-27,2350.0
9902,2026-05-04,2545.0
9902,2026-05-11,2565.0
9902,2026-05-18,2573.0
9902,2026-05-25,2525.0
9902,2026-06-01,2504.0
9902,2026-06-08,2562.0
9902,2026-06-15,2528.0
9902,2026-06-22,2553.0
9902,2026-06-29,2677.0
9902,2026-07-06,2750.0
9902,2026-07-13,2791.0
9902,2026-07-20,2819.0
9902,2026-07-27,3085.0
9934,2025-08-04,2048.01
9934,2025-08-11,1998.29
9934,2025-08-18,2003.6
9934,2025-08-25,2007.46
9934,2025-09-01,2024.84
9934,2025-09-08,2076.02
9934,2025-09-15,2101.12
9934,2025-09-22,2100.16
9934,2025-09-29,2036.86
9934,2025-10-06,2030.48
9934,2025-10-13,2034.4
9934,2025-10-20,2097.21
9934,2025-10-27,2229.21
9934,2025-11-03,2226.26
9934,2025-11-10,2292.51
9934,2025-11-17,2319.99
9934,2025-11-24,2458.85
9934,2025-12-01,2421.07
9934,2025-12-08,2464.25
9934,2025-12-15,2467.68
9934,2025-12-22,2496.63
9934,2025-12-29,2502.03
9934,2026-01-05,2541.29
9934,2026-01-12,2619.31
9934,2026-01-19,2634.52
9934,2026-01-26,2525.09
9934,2026-02-02,2632.07
9934,2026-02-09,2697.33
9934,2026-02-16,2735.11
9934,2026-02-23,2821.96
9934,2026-03-02,2620.29
9934,2026-03-09,2552.57
9934,2026-03-16,2569.26
9934,2026-03-23,2635.5
9934,2026-03-30,2685.5
9934,2026-04-06,2799.5
9934,2026-04-13,2723.0
9934,2026-04-20,2607.0
9934,2026-04-27,2644.5
9934,2026-05-04,2649.5
9934,2026-05-11,2829.0
9934,2026-05-18,2723.5
9934,2026-05-25,2780.0
9934,2026-06-01,2729.5
9934,2026-06-08,2694.0
9934,2026-06-15,2735.0
9934,2026-06-22,2702.5
9934,2026-06-29,2779.5
9934,2026-07-06,2708.5
9934,2026-07-13,2743.0
9934,2026-07-20,2793.0
9934,2026-07-27,2862.5
