code,date,close
1948,2025-07-07,2302.51
1948,2025-07-14,2259.64
1948,2025-07-21,2398.98
1948,2025-07-28,2291.8
1948,2025-08-04,2377.54
1948,2025-08-11,2285.95
1948,2025-08-18,2463.29
1948,2025-08-25,2484.73
1948,2025-09-01,2463.29
1948,2025-09-08,2603.6
1948,2025-09-15,2525.65
1948,2025-09-22,2533.45
1948,2025-09-29,2427.24
1948,2025-10-06,2442.22
1948,2025-10-13,2392.64
1948,2025-10-20,2535.43
1948,2025-10-27,2738.7
1948,2025-11-03,2718.87
1948,2025-11-10,2742.67
1948,2025-11-17,2820.01
1948,2025-11-24,3024.27
1948,2025-12-01,3366.36
1948,2025-12-08,4521.53
1948,2025-12-15,4853.71
1948,2025-12-22,4903.29
1948,2025-12-29,4957.82
1948,2026-01-05,5443.69
1948,2026-01-12,5711.41
1948,2026-01-19,6802.13
1948,2026-01-26,6296.43
1948,2026-02-02,6623.65
1948,2026-02-09,6207.19
1948,2026-02-16,6593.9
1948,2026-02-23,6851.71
1948,2026-03-02,6474.92
1948,2026-03-09,6534.41
1948,2026-03-16,6365.84
1948,2026-03-23,6465.0
1948,2026-03-30,6286.52
1948,2026-04-06,6650.0
1948,2026-04-13,6380.0
1948,2026-04-20,6350.0
1948,2026-04-27,6460.0
1948,2026-05-04,7330.0
1948,2026-05-11,6240.0
1948,2026-05-18,7510.0
1948,2026-05-25,11460.0
1948,2026-06-01,11470.0
1948,2026-06-08,11480.0
1948,2026-06-15,11480.0
1948,2026-06-22,11480.0
2162,2025-07-07,491.33
2162,2025-07-14,467.51
2162,2025-07-21,477.44
2162,2025-07-28,475.45
2162,2025-08-04,445.67
2162,2025-08-11,448.65
2162,2025-08-18,455.6
2162,2025-08-25,467.51
2162,2025-09-01,448.65
2162,2025-09-08,457.59
2162,2025-09-15,457.59
2162,2025-09-22,455.6
2162,2025-09-29,428.8
2162,2025-10-06,434.76
2162,2025-10-13,436.74
2162,2025-10-20,442.7
2162,2025-10-27,430.79
2162,2025-11-03,424.83
2162,2025-11-10,440.71
2162,2025-11-17,435.75
2162,2025-11-24,453.61
2162,2025-12-01,479.42
2162,2025-12-08,476.44
2162,2025-12-15,471.48
2162,2025-12-22,471.48
2162,2025-12-29,479.42
2162,2026-01-05,482.4
2162,2026-01-12,478.43
2162,2026-01-19,476.44
2162,2026-01-26,458.58
2162,2026-02-02,460.56
2162,2026-02-09,435.75
2162,2026-02-16,437.73
2162,2026-02-23,450.64
2162,2026-03-02,458.58
2162,2026-03-09,446.67
2162,2026-03-16,441.7
2162,2026-03-23,402.0
2162,2026-03-30,396.04
2162,2026-04-06,393.0
2162,2026-04-13,401.0
2162,2026-04-20,399.0
2162,2026-04-27,400.0
2162,2026-05-04,399.0
2162,2026-05-11,395.0
2162,2026-05-18,398.0
2162,2026-05-25,391.0
2162,2026-06-01,538.0
2162,2026-06-08,538.0
2162,2026-06-15,538.0
2162,2026-06-22,539.0
2175,2025-07-07,1418.2
2175,2025-07-14,1397.07
2175,2025-07-21,1515.95
2175,2025-07-28,1527.25
2175,2025-08-04,1549.36
2175,2025-08-11,1555.74
2175,2025-08-18,1540.52
2175,2025-08-25,1555.25
2175,2025-09-01,1574.41
2175,2025-09-08,1577.85
2175,2025-09-15,1578.34
2175,2025-09-22,1544.45
2175,2025-09-29,1464.87
2175,2025-10-06,1544.94
2175,2025-10-13,1494.34
2175,2025-10-20,1552.31
2175,2025-10-27,1307.67
2175,2025-11-03,1324.37
2175,2025-11-10,1316.51
2175,2025-11-17,1317.49
2175,2025-11-24,1348.93
2175,2025-12-01,1301.78
2175,2025-12-08,1330.27
2175,2025-12-15,1326.34
2175,2025-12-22,1329.28
2175,2025-12-29,1326.34
2175,2026-01-05,1361.71
2175,2026-01-12,1391.18
2175,2026-01-19,1645.64
2175,2026-01-26,1605.36
2175,2026-02-02,1728.17
2175,2026-02-09,1720.31
2175,2026-02-16,1673.15
2175,2026-02-23,1723.26
2175,2026-03-02,1719.33
2175,2026-03-09,1627.96
2175,2026-03-16,1697.71
2175,2026-03-23,1653.5
2175,2026-03-30,1650.55
2175,2026-04-06,1700.0
2175,2026-04-13,1751.0
2175,2026-04-20,1805.0
2175,2026-04-27,1732.0
2175,2026-05-04,1759.0
2175,2026-05-11,1841.0
2175,2026-05-18,1959.0
2175,2026-05-25,1994.0
2175,2026-06-01,2035.0
2175,2026-06-08,2018.0
2175,2026-06-15,2021.0
2175,2026-06-22,2105.0
2222,2025-07-07,2032.64
2222,2025-07-14,2024.78
2222,2025-07-21,1978.13
2222,2025-07-28,2018.4
2222,2025-08-04,1902.99
2222,2025-08-11,1868.61
2222,2025-08-18,1824.41
2222,2025-08-25,1792.49
2222,2025-09-01,1792.49
2222,2025-09-08,1776.78
2222,2025-09-15,1780.71
2222,2025-09-22,1848.97
2222,2025-09-29,1774.81
2222,2025-10-06,1787.58
2222,2025-10-13,1827.85
2222,2025-10-20,1832.27
2222,2025-10-27,1815.58
2222,2025-11-03,1961.43
2222,2025-11-10,1903.97
2222,2025-11-17,1743.38
2222,2025-11-24,1808.7
2222,2025-12-01,1768.43
2222,2025-12-08,1786.6
2222,2025-12-15,1781.69
2222,2025-12-22,1812.14
2222,2025-12-29,1800.35
2222,2026-01-05,1820.98
2222,2026-01-12,1783.65
2222,2026-01-19,1786.6
2222,2026-01-26,1756.15
2222,2026-02-02,1984.02
2222,2026-02-09,1943.75
2222,2026-02-16,1942.77
2222,2026-02-23,1952.1
2222,2026-03-02,1895.13
2222,2026-03-09,1892.19
2222,2026-03-16,1924.11
2222,2026-03-23,1930.0
2222,2026-03-30,1861.74
2222,2026-04-06,1842.0
2222,2026-04-13,1991.5
2222,2026-04-20,2008.5
2222,2026-04-27,1972.0
2222,2026-05-04,1971.5
2222,2026-05-11,2121.5
2222,2026-05-18,2004.5
2222,2026-05-25,2085.0
2222,2026-06-01,2153.5
2222,2026-06-08,2342.5
2222,2026-06-15,2324.0
2222,2026-06-22,2421.5
2393,2025-07-07,2035.71
2393,2025-07-14,1989.13
2393,2025-07-21,2021.15
2393,2025-07-28,2029.89
2393,2025-08-04,2042.5
2393,2025-08-11,2061.91
2393,2025-08-18,2074.52
2393,2025-08-25,2206.48
2393,2025-09-01,2100.72
2393,2025-09-08,2119.16
2393,2025-09-15,2124.98
2393,2025-09-22,2133.71
2393,2025-09-29,2076.46
2393,2025-10-06,2157.0
2393,2025-10-13,2136.62
2393,2025-10-20,2145.35
2393,2025-10-27,2354.94
2393,2025-11-03,2266.64
2393,2025-11-10,2229.77
2393,2025-11-17,2222.01
2393,2025-11-24,2312.25
2393,2025-12-01,2299.63
2393,2025-12-08,2254.03
2393,2025-12-15,2267.61
2393,2025-12-22,2293.81
2393,2025-12-29,2343.3
2393,2026-01-05,2300.6
2393,2026-01-12,2325.83
2393,2026-01-19,2320.98
2393,2026-01-26,2585.87
2393,2026-02-02,2397.63
2393,2026-02-09,2353.0
2393,2026-02-16,2356.88
2393,2026-02-23,2379.2
2393,2026-03-02,2351.06
2393,2026-03-09,2320.01
2393,2026-03-16,2353.0
2393,2026-03-23,2353.0
2393,2026-03-30,2304.48
2393,2026-04-06,2410.0
2393,2026-04-13,2359.0
2393,2026-04-20,2302.0
2393,2026-04-27,2223.0
2393,2026-05-04,2221.0
2393,2026-05-11,2272.0
2393,2026-05-18,2321.0
2393,2026-05-25,2359.0
2393,2026-06-01,2524.0
2393,2026-06-08,3900.0
2393,2026-06-15,4410.0
2393,2026-06-22,4390.0
2501,2025-07-07,1364.31
2501,2025-07-14,1371.36
2501,2025-07-21,1373.91
2501,2025-07-28,1366.27
2501,2025-08-04,1379.78
2501,2025-08-11,1410.54
2501,2025-08-18,1451.49
2501,2025-08-25,1477.15
2501,2025-09-01,1461.87
2501,2025-09-08,1459.52
2501,2025-09-15,1455.41
2501,2025-09-22,1482.44
2501,2025-09-29,1417.2
2501,2025-10-06,1453.64
2501,2025-10-13,1485.38
2501,2025-10-20,1480.87
2501,2025-10-27,1449.72
2501,2025-11-03,1471.47
2501,2025-11-10,1579.02
2501,2025-11-17,1587.25
2501,2025-11-24,1587.06
2501,2025-12-01,1552.77
2501,2025-12-08,1586.47
2501,2025-12-15,1587.06
2501,2025-12-22,1620.36
2501,2025-12-29,1651.51
2501,2026-01-05,1472.6
2501,2026-01-12,1553.32
2501,2026-01-19,1677.6
2501,2026-01-26,1623.13
2501,2026-02-02,1690.97
2501,2026-02-09,1862.3
2501,2026-02-16,1717.71
2501,2026-02-23,1757.82
2501,2026-03-02,1649.87
2501,2026-03-09,1596.39
2501,2026-03-16,1579.56
2501,2026-03-23,1668.69
2501,2026-03-30,1758.31
2501,2026-04-06,1822.19
2501,2026-04-13,1867.74
2501,2026-04-20,1692.46
2501,2026-04-27,1741.97
2501,2026-05-04,1750.88
2501,2026-05-11,1576.09
2501,2026-05-18,1673.14
2501,2026-05-25,1577.58
2501,2026-06-01,1565.2
2501,2026-06-08,1657.3
2501,2026-06-15,1780.59
2501,2026-06-22,2046.0
2503,2025-07-07,1927.78
2503,2025-07-14,1944.3
2503,2025-07-21,1938.47
2503,2025-07-28,1934.1
2503,2025-08-04,2039.98
2503,2025-08-11,2090.01
2503,2025-08-18,2158.01
2503,2025-08-25,2074.47
2503,2025-09-01,2191.04
2503,2025-09-08,2089.04
2503,2025-09-15,2120.61
2503,2025-09-22,2161.41
2503,2025-09-29,2058.93
2503,2025-10-06,2090.98
2503,2025-10-13,2124.5
2503,2025-10-20,2158.01
2503,2025-10-27,2102.64
2503,2025-11-03,2148.78
2503,2025-11-10,2323.64
2503,2025-11-17,2379.01
2503,2025-11-24,2383.38
2503,2025-12-01,2273.61
2503,2025-12-08,2253.21
2503,2025-12-15,2332.38
2503,2025-12-22,2318.78
2503,2025-12-29,2280.9
2503,2026-01-05,2338.02
2503,2026-01-12,2367.13
2503,2026-01-19,2422.88
2503,2026-01-26,2360.22
2503,2026-02-02,2437.68
2503,2026-02-09,2557.07
2503,2026-02-16,2603.45
2503,2026-02-23,2671.04
2503,2026-03-02,2554.61
2503,2026-03-09,2567.43
2503,2026-03-16,2442.12
2503,2026-03-23,2475.18
2503,2026-03-30,2506.26
2503,2026-04-06,2600.49
2503,2026-04-13,2558.06
2503,2026-04-20,2473.2
2503,2026-04-27,2464.82
2503,2026-05-04,2463.34
2503,2026-05-11,2588.16
2503,2026-05-18,2684.36
2503,2026-05-25,2682.39
2503,2026-06-01,2572.86
2503,2026-06-08,2684.36
2503,2026-06-15,2735.67
2503,2026-06-22,2822.5
2579,2025-07-07,2220.29
2579,2025-07-14,2309.16
2579,2025-07-21,2283.63
2579,2025-07-28,2187.88
2579,2025-08-04,2569.39
2579,2025-08-11,2545.82
2579,2025-08-18,2588.54
2579,2025-08-25,2526.67
2579,2025-09-01,2685.75
2579,2025-09-08,2625.85
2579,2025-09-15,2612.1
2579,2025-09-22,2663.66
2579,2025-09-29,2507.03
2579,2025-10-06,2487.39
2579,2025-10-13,2452.04
2579,2025-10-20,2511.94
2579,2025-10-27,2419.14
2579,2025-11-03,2550.24
2579,2025-11-10,2638.62
2579,2025-11-17,2838.45
2579,2025-11-24,2834.03
2579,2025-12-01,2761.86
2579,2025-12-08,2905.72
2579,2025-12-15,3080.52
2579,2025-12-22,3148.27
2579,2025-12-29,3111.94
2579,2026-01-05,3264.32
2579,2026-01-12,3280.19
2579,2026-01-19,3333.76
2579,2026-01-26,3402.2
2579,2026-02-02,3494.44
2579,2026-02-09,3525.19
2579,2026-02-16,4039.99
2579,2026-02-23,4090.57
2579,2026-03-02,4149.09
2579,2026-03-09,4017.17
2579,2026-03-16,3720.6
2579,2026-03-23,3625.37
2579,2026-03-30,3372.44
2579,2026-04-06,3583.71
2579,2026-04-13,3430.96
2579,2026-04-20,3378.39
2579,2026-04-27,3256.39
2579,2026-05-04,3252.42
2579,2026-05-11,3376.41
2579,2026-05-18,3486.51
2579,2026-05-25,3508.33
2579,2026-06-01,3469.65
2579,2026-06-08,3637.28
2579,2026-06-15,3849.54
2579,2026-06-22,4283.0
2612,2025-07-07,1188.98
2612,2025-07-14,1179.24
2612,2025-07-21,1257.2
2612,2025-07-28,1249.08
2612,2025-08-04,1203.6
2612,2025-08-11,1198.73
2612,2025-08-18,1211.72
2612,2025-08-25,1210.1
2612,2025-09-01,1214.97
2612,2025-09-08,1224.72
2612,2025-09-15,1227.97
2612,2025-09-22,1226.34
2612,2025-09-29,1213.35
2612,2025-10-06,1214.97
2612,2025-10-13,1234.46
2612,2025-10-20,1244.21
2612,2025-10-27,1239.34
2612,2025-11-03,1240.96
2612,2025-11-10,1252.33
2612,2025-11-17,1247.46
2612,2025-11-24,1265.32
2612,2025-12-01,1260.45
2612,2025-12-08,1270.2
2612,2025-12-15,1268.57
2612,2025-12-22,1276.69
2612,2025-12-29,1299.44
2612,2026-01-05,1297.81
2612,2026-01-12,1301.06
2612,2026-01-19,1302.68
2612,2026-01-26,1302.68
2612,2026-02-02,1445.62
2612,2026-02-09,1471.61
2612,2026-02-16,1580.44
2612,2026-02-23,1705.51
2612,2026-03-02,1647.03
2612,2026-03-09,1640.54
2612,2026-03-16,1663.28
2612,2026-03-23,1725.0
2612,2026-03-30,1547.63
2612,2026-04-06,1588.0
2612,2026-04-13,1621.0
2612,2026-04-20,1569.0
2612,2026-04-27,1580.0
2612,2026-05-04,1567.0
2612,2026-05-11,1480.0
2612,2026-05-18,1492.0
2612,2026-05-25,1489.0
2612,2026-06-01,1527.0
2612,2026-06-08,1620.0
2612,2026-06-15,1686.0
2612,2026-06-22,1744.0
2652,2025-07-07,302.04
2652,2025-07-14,308.02
2652,2025-07-21,315.99
2652,2025-07-28,315.99
2652,2025-08-04,324.96
2652,2025-08-11,303.03
2652,2025-08-18,324.96
2652,2025-08-25,340.91
2652,2025-09-01,331.94
2652,2025-09-08,313.0
2652,2025-09-15,315.99
2652,2025-09-22,313.0
2652,2025-09-29,317.98
2652,2025-10-06,352.0
2652,2025-10-13,356.0
2652,2025-10-20,373.0
2652,2025-10-27,375.0
2652,2025-11-03,365.0
2652,2025-11-10,349.0
2652,2025-11-17,339.0
2652,2025-11-24,339.0
2652,2025-12-01,332.0
2652,2025-12-08,334.0
2652,2025-12-15,342.0
2652,2025-12-22,330.0
2652,2025-12-29,341.0
2652,2026-01-05,352.0
2652,2026-01-12,359.0
2652,2026-01-19,350.0
2652,2026-01-26,347.0
2652,2026-02-02,344.0
2652,2026-02-09,347.0
2652,2026-02-16,349.0
2652,2026-02-23,362.0
2652,2026-03-02,355.0
2652,2026-03-09,335.0
2652,2026-03-16,332.0
2652,2026-03-23,328.0
2652,2026-03-30,329.0
2652,2026-04-06,328.0
2652,2026-04-13,332.0
2652,2026-04-20,329.0
2652,2026-04-27,342.0
2652,2026-05-04,350.0
2652,2026-05-11,346.0
2652,2026-05-18,351.0
2652,2026-05-25,349.0
2652,2026-06-01,359.0
2652,2026-06-08,394.0
2652,2026-06-15,389.0
2652,2026-06-22,404.0
2674,2025-07-07,1634.43
2674,2025-07-14,1603.77
2674,2025-07-21,1642.09
2674,2025-07-28,1686.16
2674,2025-08-04,1660.29
2674,2025-08-11,1678.5
2674,2025-08-18,1733.1
2674,2025-08-25,1717.78
2674,2025-09-01,1747.47
2674,2025-09-08,1740.77
2674,2025-09-15,1756.1
2674,2025-09-22,1799.21
2674,2025-09-29,1728.31
2674,2025-10-06,1740.77
2674,2025-10-13,1727.36
2674,2025-10-20,1759.93
2674,2025-10-27,1731.19
2674,2025-11-03,1767.59
2674,2025-11-10,1825.08
2674,2025-11-17,1810.71
2674,2025-11-24,1820.29
2674,2025-12-01,1806.87
2674,2025-12-08,1871.06
2674,2025-12-15,1899.8
2674,2025-12-22,1950.58
2674,2025-12-29,1918.96
2674,2026-01-05,1943.87
2674,2026-01-12,2009.02
2674,2026-01-19,1976.45
2674,2026-01-26,1946.75
2674,2026-02-02,1954.41
2674,2026-02-09,1932.38
2674,2026-02-16,2027.22
2674,2026-02-23,2011.9
2674,2026-03-02,1953.45
2674,2026-03-09,1926.63
2674,2026-03-16,1904.59
2674,2026-03-23,1941.0
2674,2026-03-30,1951.54
2674,2026-04-06,2051.0
2674,2026-04-13,2086.0
2674,2026-04-20,2008.0
2674,2026-04-27,2018.0
2674,2026-05-04,2023.0
2674,2026-05-11,2402.0
2674,2026-05-18,2492.0
2674,2026-05-25,2421.0
2674,2026-06-01,2364.0
2674,2026-06-08,2615.0
2674,2026-06-15,2537.0
2674,2026-06-22,2615.0
2801,2025-07-07,1261.82
2801,2025-07-14,1283.43
2801,2025-07-21,1305.03
2801,2025-07-28,1321.72
2801,2025-08-04,1285.88
2801,2025-08-11,1300.61
2801,2025-08-18,1281.95
2801,2025-08-25,1248.08
2801,2025-09-01,1281.46
2801,2025-09-08,1275.57
2801,2025-09-15,1267.72
2801,2025-09-22,1271.15
2801,2025-09-29,1224.02
2801,2025-10-06,1267.19
2801,2025-10-13,1277.09
2801,2025-10-20,1251.36
2801,2025-10-27,1213.26
2801,2025-11-03,1354.28
2801,2025-11-10,1360.71
2801,2025-11-17,1423.55
2801,2025-11-24,1415.14
2801,2025-12-01,1378.52
2801,2025-12-08,1420.09
2801,2025-12-15,1442.35
2801,2025-12-22,1410.19
2801,2025-12-29,1407.22
2801,2026-01-05,1381.49
2801,2026-01-12,1374.57
2801,2026-01-19,1427.02
2801,2026-01-26,1376.05
2801,2026-02-02,1385.95
2801,2026-02-09,1475.51
2801,2026-02-16,1467.59
2801,2026-02-23,1484.41
2801,2026-03-02,1392.87
2801,2026-03-09,1300.84
2801,2026-03-16,1322.61
2801,2026-03-23,1428.5
2801,2026-03-30,1541.81
2801,2026-04-06,1523.0
2801,2026-04-13,1484.0
2801,2026-04-20,1434.0
2801,2026-04-27,1434.0
2801,2026-05-04,1386.5
2801,2026-05-11,1408.0
2801,2026-05-18,1425.5
2801,2026-05-25,1393.0
2801,2026-06-01,1437.0
2801,2026-06-08,1629.0
2801,2026-06-15,1540.0
2801,2026-06-22,1633.5
2810,2025-07-07,2761.93
2810,2025-07-14,2842.05
2810,2025-07-21,2872.33
2810,2025-07-28,2746.79
2810,2025-08-04,2777.08
2810,2025-08-11,2764.86
2810,2025-08-18,2793.69
2810,2025-08-25,2766.82
2810,2025-09-01,2853.77
2810,2025-09-08,2865.49
2810,2025-09-15,2873.31
2810,2025-09-22,2892.85
2810,2025-09-29,2804.43
2810,2025-10-06,2839.66
2810,2025-10-13,2862.31
2810,2025-10-20,2860.34
2810,2025-10-27,2843.6
2810,2025-11-03,2867.24
2810,2025-11-10,2863.3
2810,2025-11-17,2881.03
2810,2025-11-24,2882.01
2810,2025-12-01,2822.42
2810,2025-12-08,2840.65
2810,2025-12-15,2857.39
2810,2025-12-22,2840.15
2810,2025-12-29,2835.23
2810,2026-01-05,2856.9
2810,2026-01-12,2908.12
2810,2026-01-19,3002.18
2810,2026-01-26,2949.48
2810,2026-02-02,3041.58
2810,2026-02-09,3054.38
2810,2026-02-16,3009.08
2810,2026-02-23,3040.59
2810,2026-03-02,3006.12
2810,2026-03-09,2947.51
2810,2026-03-16,2966.72
2810,2026-03-23,3014.0
2810,2026-03-30,3058.32
2810,2026-04-06,3073.0
2810,2026-04-13,3086.0
2810,2026-04-20,3008.0
2810,2026-04-27,3004.0
2810,2026-05-04,2959.5
2810,2026-05-11,3368.0
2810,2026-05-18,3506.0
2810,2026-05-25,3417.0
2810,2026-06-01,3439.0
2810,2026-06-08,3526.0
2810,2026-06-15,3576.0
2810,2026-06-22,3674.0
2871,2025-07-07,1741.76
2871,2025-07-14,1784.17
2871,2025-07-21,1763.21
2871,2025-07-28,1794.41
2871,2025-08-04,1662.79
2871,2025-08-11,1662.79
2871,2025-08-18,1697.4
2871,2025-08-25,1654.5
2871,2025-09-01,1656.45
2871,2025-09-08,1679.85
2871,2025-09-15,1708.61
2871,2025-09-22,1716.9
2871,2025-09-29,1688.63
2871,2025-10-06,1723.82
2871,2025-10-13,1747.03
2871,2025-10-20,1767.28
2871,2025-10-27,1799.88
2871,2025-11-03,1827.54
2871,2025-11-10,1847.3
2871,2025-11-17,1879.9
2871,2025-11-24,1923.36
2871,2025-12-01,1814.21
2871,2025-12-08,1825.07
2871,2025-12-15,1879.4
2871,2025-12-22,1841.87
2871,2025-12-29,1843.35
2871,2026-01-05,1804.82
2871,2026-01-12,1786.05
2871,2026-01-19,1858.17
2871,2026-01-26,1888.79
2871,2026-02-02,1976.71
2871,2026-02-09,2033.51
2871,2026-02-16,2053.76
2871,2026-02-23,2098.71
2871,2026-03-02,2034.0
2871,2026-03-09,1932.75
2871,2026-03-16,1950.53
2871,2026-03-23,1953.0
2871,2026-03-30,1986.09
2871,2026-04-06,1940.5
2871,2026-04-13,1924.5
2871,2026-04-20,1883.0
2871,2026-04-27,1891.0
2871,2026-05-04,1888.0
2871,2026-05-11,1858.0
2871,2026-05-18,1820.5
2871,2026-05-25,1822.0
2871,2026-06-01,1935.0
2871,2026-06-08,2130.5
2871,2026-06-15,2047.0
2871,2026-06-22,2190.0
2962,2025-07-07,305.0
2962,2025-07-14,300.0
2962,2025-07-21,302.0
2962,2025-07-28,291.0
2962,2025-08-04,291.0
2962,2025-08-11,285.0
2962,2025-08-18,285.0
2962,2025-08-25,278.0
2962,2025-09-01,270.0
2962,2025-09-08,263.0
2962,2025-09-15,268.0
2962,2025-09-22,304.0
2962,2025-09-29,435.0
2962,2025-10-06,418.0
2962,2025-10-13,370.0
2962,2025-10-20,453.0
2962,2025-10-27,437.0
2962,2025-11-03,403.0
2962,2025-11-10,455.0
2962,2025-11-17,369.0
2962,2025-11-24,396.0
2962,2025-12-01,357.0
2962,2025-12-08,369.0
2962,2025-12-15,350.0
2962,2025-12-22,367.0
2962,2025-12-29,399.0
2962,2026-01-05,424.0
2962,2026-01-12,481.0
2962,2026-01-19,442.0
2962,2026-01-26,448.0
2962,2026-02-02,538.0
2962,2026-02-09,809.0
2962,2026-02-16,915.0
2962,2026-02-23,1237.0
2962,2026-03-02,1060.0
2962,2026-03-09,1132.0
2962,2026-03-16,975.0
2962,2026-03-23,882.0
2962,2026-03-30,823.0
2962,2026-04-06,884.0
2962,2026-04-13,833.0
2962,2026-04-20,906.0
2962,2026-04-27,933.0
2962,2026-05-04,1113.0
2962,2026-05-11,980.0
2962,2026-05-18,1109.0
2962,2026-05-25,1063.0
2962,2026-06-01,1343.0
2962,2026-06-08,974.0
2962,2026-06-15,1145.0
2962,2026-06-22,1888.0
3035,2025-07-07,670.13
3035,2025-07-14,655.54
3035,2025-07-21,659.43
3035,2025-07-28,663.32
3035,2025-08-04,667.21
3035,2025-08-11,692.5
3035,2025-08-18,628.31
3035,2025-08-25,624.54
3035,2025-09-01,613.7
3035,2025-09-08,609.76
3035,2025-09-15,606.81
3035,2025-09-22,616.66
3035,2025-09-29,611.73
3035,2025-10-06,605.82
3035,2025-10-13,610.75
3035,2025-10-20,618.63
3035,2025-10-27,602.87
3035,2025-11-03,607.79
3035,2025-11-10,609.76
3035,2025-11-17,607.79
3035,2025-11-24,619.61
3035,2025-12-01,608.78
3035,2025-12-08,610.75
3035,2025-12-15,607.79
3035,2025-12-22,649.16
3035,2025-12-29,642.27
3035,2026-01-05,642.27
3035,2026-01-12,659.01
3035,2026-01-19,650.15
3035,2026-01-26,643.25
3035,2026-02-02,649.16
3035,2026-02-09,658.03
3035,2026-02-16,655.07
3035,2026-02-23,671.0
3035,2026-03-02,668.0
3035,2026-03-09,653.0
3035,2026-03-16,651.0
3035,2026-03-23,689.0
3035,2026-03-30,681.0
3035,2026-04-06,756.0
3035,2026-04-13,743.0
3035,2026-04-20,794.0
3035,2026-04-27,767.0
3035,2026-05-04,768.0
3035,2026-05-11,783.0
3035,2026-05-18,775.0
3035,2026-05-25,785.0
3035,2026-06-01,775.0
3035,2026-06-08,770.0
3035,2026-06-15,804.0
3035,2026-06-22,841.0
3086,2025-07-07,1958.18
3086,2025-07-14,1980.68
3086,2025-07-21,2017.86
3086,2025-07-28,2027.16
3086,2025-08-04,2170.0
3086,2025-08-11,2221.36
3086,2025-08-18,2292.78
3086,2025-08-25,2248.27
3086,2025-09-01,2395.62
3086,2025-09-08,2474.81
3086,2025-09-15,2447.59
3086,2025-09-22,2493.62
3086,2025-09-29,2457.98
3086,2025-10-06,2479.76
3086,2025-10-13,2268.41
3086,2025-10-20,2282.77
3086,2025-10-27,2298.61
3086,2025-11-03,2297.12
3086,2025-11-10,2290.69
3086,2025-11-17,2165.96
3086,2025-11-24,2230.8
3086,2025-12-01,2201.1
3086,2025-12-08,2193.67
3086,2025-12-15,2202.58
3086,2025-12-22,2211.49
3086,2025-12-29,2172.89
3086,2026-01-05,2227.83
3086,2026-01-12,2277.82
3086,2026-01-19,2284.75
3086,2026-01-26,2230.8
3086,2026-02-02,2658.44
3086,2026-02-09,2643.1
3086,2026-02-16,2582.72
3086,2026-02-23,2554.01
3086,2026-03-02,2463.0
3086,2026-03-09,2409.0
3086,2026-03-16,2429.5
3086,2026-03-23,2473.5
3086,2026-03-30,2523.0
3086,2026-04-06,2545.5
3086,2026-04-13,2497.0
3086,2026-04-20,2329.5
3086,2026-04-27,2240.5
3086,2026-05-04,2317.5
3086,2026-05-11,2390.0
3086,2026-05-18,2219.5
3086,2026-05-25,2168.0
3086,2026-06-01,2234.0
3086,2026-06-08,2394.5
3086,2026-06-15,2506.5
3086,2026-06-22,3262.0
3093,2025-07-07,1802.42
3093,2025-07-14,1690.93
3093,2025-07-21,1776.01
3093,2025-07-28,1673.32
3093,2025-08-04,1761.34
3093,2025-08-11,1711.46
3093,2025-08-18,1765.25
3093,2025-08-25,1752.54
3093,2025-09-01,1859.26
3093,2025-09-08,2064.86
3093,2025-09-15,1993.69
3093,2025-09-22,1990.72
3093,2025-09-29,1755.47
3093,2025-10-06,1630.93
3093,2025-10-13,1625.0
3093,2025-10-20,1640.81
3093,2025-10-27,1654.65
3093,2025-11-03,1660.58
3093,2025-11-10,1650.7
3093,2025-11-17,1643.78
3093,2025-11-24,1624.01
3093,2025-12-01,1576.57
3093,2025-12-08,1601.28
3093,2025-12-15,1626.98
3093,2025-12-22,1684.31
3093,2025-12-29,1653.66
3093,2026-01-05,1739.66
3093,2026-01-12,1769.31
3093,2026-01-19,1751.52
3093,2026-01-26,1681.34
3093,2026-02-02,1684.31
3093,2026-02-09,1706.05
3093,2026-02-16,1775.24
3093,2026-02-23,1876.06
3093,2026-03-02,1848.0
3093,2026-03-09,1722.0
3093,2026-03-16,1684.0
3093,2026-03-23,1700.0
3093,2026-03-30,1828.0
3093,2026-04-06,1786.0
3093,2026-04-13,1765.0
3093,2026-04-20,1671.0
3093,2026-04-27,1714.0
3093,2026-05-04,1722.0
3093,2026-05-11,1754.0
3093,2026-05-18,1867.0
3093,2026-05-25,1858.0
3093,2026-06-01,1798.0
3093,2026-06-08,1999.0
3093,2026-06-15,2044.0
3093,2026-06-22,2063.0
3099,2025-07-07,2082.2
3099,2025-07-14,2126.13
3099,2025-07-21,2155.91
3099,2025-07-28,2156.88
3099,2025-08-04,2282.32
3099,2025-08-11,2325.27
3099,2025-08-18,2499.04
3099,2025-08-25,2420.45
3099,2025-09-01,2668.4
3099,2025-09-08,2872.43
3099,2025-09-15,2790.91
3099,2025-09-22,2784.57
3099,2025-09-29,2582.01
3099,2025-10-06,2541.38
3099,2025-10-13,2416.09
3099,2025-10-20,2471.34
3099,2025-10-27,2391.92
3099,2025-11-03,2420.04
3099,2025-11-10,2595.64
3099,2025-11-17,2366.76
3099,2025-11-24,2403.76
3099,2025-12-01,2342.59
3099,2025-12-08,2388.47
3099,2025-12-15,2339.63
3099,2025-12-22,2262.68
3099,2025-12-29,2244.43
3099,2026-01-05,2437.3
3099,2026-01-12,2599.1
3099,2026-01-19,2629.68
3099,2026-01-26,2442.23
3099,2026-02-02,2982.38
3099,2026-02-09,2946.37
3099,2026-02-16,2944.39
3099,2026-02-23,3038.61
3099,2026-03-02,3002.11
3099,2026-03-09,2831.43
3099,2026-03-16,2794.44
3099,2026-03-23,2936.5
3099,2026-03-30,3011.97
3099,2026-04-06,3174.0
3099,2026-04-13,3152.0
3099,2026-04-20,3000.0
3099,2026-04-27,2969.5
3099,2026-05-04,3078.0
3099,2026-05-11,3301.0
3099,2026-05-18,3306.0
3099,2026-05-25,3396.0
3099,2026-06-01,3530.0
3099,2026-06-08,3755.0
3099,2026-06-15,3871.0
3099,2026-06-22,4119.0
3191,2025-07-07,1993.44
3191,2025-07-14,1958.81
3191,2025-07-21,1971.32
3191,2025-07-28,2064.64
3191,2025-08-04,2086.77
3191,2025-08-11,2080.99
3191,2025-08-18,2101.2
3191,2025-08-25,2050.21
3191,2025-09-01,2111.78
3191,2025-09-08,2109.86
3191,2025-09-15,2096.39
3191,2025-09-22,2139.68
3191,2025-09-29,2033.85
3191,2025-10-06,2013.65
3191,2025-10-13,2018.46
3191,2025-10-20,2037.7
3191,2025-10-27,1962.66
3191,2025-11-03,1966.51
3191,2025-11-10,1993.44
3191,2025-11-17,2045.4
3191,2025-11-24,2082.92
3191,2025-12-01,2062.71
3191,2025-12-08,2045.4
3191,2025-12-15,2070.41
3191,2025-12-22,2120.93
3191,2025-12-29,2089.54
3191,2026-01-05,2094.44
3191,2026-01-12,2105.23
3191,2026-01-19,2104.25
3191,2026-01-26,2086.6
3191,2026-02-02,2124.85
3191,2026-02-09,2164.09
3191,2026-02-16,2123.87
3191,2026-02-23,2165.08
3191,2026-03-02,2067.96
3191,2026-03-09,2018.91
3191,2026-03-16,2034.6
3191,2026-03-23,2088.56
3191,2026-03-30,2118.97
3191,2026-04-06,2134.66
3191,2026-04-13,2170.96
3191,2026-04-20,2023.81
3191,2026-04-27,2004.19
3191,2026-05-04,2057.17
3191,2026-05-11,2094.44
3191,2026-05-18,2152.32
3191,2026-05-25,2190.58
3191,2026-06-01,2169.0
3191,2026-06-08,2206.28
3191,2026-06-15,2190.58
3191,2026-06-22,2230.0
3544,2025-07-07,838.0
3544,2025-07-14,836.0
3544,2025-07-21,836.0
3544,2025-07-28,837.0
3544,2025-08-04,840.0
3544,2025-08-11,843.0
3544,2025-08-18,835.0
3544,2025-08-25,832.0
3544,2025-09-01,839.0
3544,2025-09-08,843.0
3544,2025-09-15,826.0
3544,2025-09-22,816.0
3544,2025-09-29,803.0
3544,2025-10-06,807.0
3544,2025-10-13,812.0
3544,2025-10-20,812.0
3544,2025-10-27,824.0
3544,2025-11-03,815.0
3544,2025-11-10,812.0
3544,2025-11-17,811.0
3544,2025-11-24,820.0
3544,2025-12-01,812.0
3544,2025-12-08,808.0
3544,2025-12-15,800.0
3544,2025-12-22,810.0
3544,2025-12-29,819.0
3544,2026-01-05,829.0
3544,2026-01-12,831.0
3544,2026-01-19,850.0
3544,2026-01-26,863.0
3544,2026-02-02,860.0
3544,2026-02-09,883.0
3544,2026-02-16,880.0
3544,2026-02-23,885.0
3544,2026-03-02,842.0
3544,2026-03-09,846.0
3544,2026-03-16,822.0
3544,2026-03-23,846.0
3544,2026-03-30,870.0
3544,2026-04-06,865.0
3544,2026-04-13,865.0
3544,2026-04-20,860.0
3544,2026-04-27,876.0
3544,2026-05-04,889.0
3544,2026-05-11,813.0
3544,2026-05-18,813.0
3544,2026-05-25,823.0
3544,2026-06-01,839.0
3544,2026-06-08,841.0
3544,2026-06-15,813.0
3544,2026-06-22,1253.0
3708,2025-07-07,1251.13
3708,2025-07-14,1244.68
3708,2025-07-21,1264.03
3708,2025-07-28,1280.15
3708,2025-08-04,1363.99
3708,2025-08-11,1344.65
3708,2025-08-18,1349.48
3708,2025-08-25,1370.44
3708,2025-09-01,1388.18
3708,2025-09-08,1446.22
3708,2025-09-15,1463.96
3708,2025-09-22,1546.18
3708,2025-09-29,1508.13
3708,2025-10-06,1449.42
3708,2025-10-13,1477.86
3708,2025-10-20,1524.93
3708,2025-10-27,1455.31
3708,2025-11-03,1455.31
3708,2025-11-10,1479.82
3708,2025-11-17,1458.25
3708,2025-11-24,1504.34
3708,2025-12-01,1455.31
3708,2025-12-08,1493.55
3708,2025-12-15,1526.89
3708,2025-12-22,1549.45
3708,2025-12-29,1549.45
3708,2026-01-05,1654.38
3708,2026-01-12,1657.32
3708,2026-01-19,1676.94
3708,2026-01-26,1621.04
3708,2026-02-02,1609.27
3708,2026-02-09,1645.56
3708,2026-02-16,1635.75
3708,2026-02-23,1659.28
3708,2026-03-02,1587.7
3708,2026-03-09,1576.91
3708,2026-03-16,1576.91
3708,2026-03-23,1623.0
3708,2026-03-30,1584.75
3708,2026-04-06,1612.0
3708,2026-04-13,1610.0
3708,2026-04-20,1565.0
3708,2026-04-27,1601.0
3708,2026-05-04,1636.0
3708,2026-05-11,1714.0
3708,2026-05-18,1725.0
3708,2026-05-25,1794.0
3708,2026-06-01,1772.0
3708,2026-06-08,1814.0
3708,2026-06-15,1839.0
3708,2026-06-22,1856.0
3723,2025-07-07,1147.79
3723,2025-07-14,1131.01
3723,2025-07-21,1141.87
3723,2025-07-28,1147.79
3723,2025-08-04,1181.34
3723,2025-08-11,1182.33
3723,2025-08-18,1308.66
3723,2025-08-25,1328.39
3723,2025-09-01,1407.35
3723,2025-09-08,1495.18
3723,2025-09-15,1534.66
3723,2025-09-22,1509.0
3723,2025-09-29,1485.31
3723,2025-10-06,1517.0
3723,2025-10-13,1491.0
3723,2025-10-20,1500.0
3723,2025-10-27,1481.0
3723,2025-11-03,1484.0
3723,2025-11-10,1355.0
3723,2025-11-17,1385.0
3723,2025-11-24,1501.0
3723,2025-12-01,1498.0
3723,2025-12-08,1532.0
3723,2025-12-15,1575.0
3723,2025-12-22,1646.0
3723,2025-12-29,1652.0
3723,2026-01-05,1645.0
3723,2026-01-12,1655.0
3723,2026-01-19,1632.0
3723,2026-01-26,1614.0
3723,2026-02-02,1764.0
3723,2026-02-09,1842.0
3723,2026-02-16,2299.0
3723,2026-02-23,2682.0
3723,2026-03-02,2363.0
3723,2026-03-09,2247.0
3723,2026-03-16,2020.0
3723,2026-03-23,2075.0
3723,2026-03-30,1971.0
3723,2026-04-06,2009.0
3723,2026-04-13,2201.0
3723,2026-04-20,2245.0
3723,2026-04-27,2088.0
3723,2026-05-04,2123.0
3723,2026-05-11,2520.0
3723,2026-05-18,2372.0
3723,2026-05-25,2389.0
3723,2026-06-01,2301.0
3723,2026-06-08,2335.0
3723,2026-06-15,2480.0
3723,2026-06-22,2648.0
3976,2025-07-07,359.0
3976,2025-07-14,372.0
3976,2025-07-21,368.0
3976,2025-07-28,381.0
3976,2025-08-04,372.0
3976,2025-08-11,374.0
3976,2025-08-18,388.0
3976,2025-08-25,414.0
3976,2025-09-01,415.0
3976,2025-09-08,408.0
3976,2025-09-15,389.0
3976,2025-09-22,404.0
3976,2025-09-29,417.0
3976,2025-10-06,413.0
3976,2025-10-13,395.0
3976,2025-10-20,414.0
3976,2025-10-27,406.0
3976,2025-11-03,395.0
3976,2025-11-10,392.0
3976,2025-11-17,387.0
3976,2025-11-24,384.0
3976,2025-12-01,387.0
3976,2025-12-08,381.0
3976,2025-12-15,371.0
3976,2025-12-22,366.0
3976,2025-12-29,367.0
3976,2026-01-05,363.0
3976,2026-01-12,367.0
3976,2026-01-19,367.0
3976,2026-01-26,356.0
3976,2026-02-02,384.0
3976,2026-02-09,395.0
3976,2026-02-16,375.0
3976,2026-02-23,405.0
3976,2026-03-02,394.0
3976,2026-03-09,395.0
3976,2026-03-16,382.0
3976,2026-03-23,378.0
3976,2026-03-30,377.0
3976,2026-04-06,370.0
3976,2026-04-13,373.0
3976,2026-04-20,404.0
3976,2026-04-27,379.0
3976,2026-05-04,389.0
3976,2026-05-11,387.0
3976,2026-05-18,468.0
3976,2026-05-25,500.0
3976,2026-06-01,487.0
3976,2026-06-08,471.0
3976,2026-06-15,570.0
3976,2026-06-22,560.0
4120,2025-07-07,2016.96
4120,2025-07-14,2016.96
4120,2025-07-21,2057.28
4120,2025-07-28,2035.2
4120,2025-08-04,2036.16
4120,2025-08-11,2035.2
4120,2025-08-18,2041.92
4120,2025-08-25,2109.12
4120,2025-09-01,2078.4
4120,2025-09-08,2071.68
4120,2025-09-15,2072.64
4120,2025-09-22,2230.08
4120,2025-09-29,2232.0
4120,2025-10-06,2132.16
4120,2025-10-13,2027.52
4120,2025-10-20,2064.0
4120,2025-10-27,2198.4
4120,2025-11-03,2244.48
4120,2025-11-10,2197.44
4120,2025-11-17,2088.0
4120,2025-11-24,2171.52
4120,2025-12-01,2122.56
4120,2025-12-08,2171.52
4120,2025-12-15,2138.88
4120,2025-12-22,2168.64
4120,2025-12-29,2165.76
4120,2026-01-05,2158.08
4120,2026-01-12,2208.0
4120,2026-01-19,2374.08
4120,2026-01-26,2328.96
4120,2026-02-02,2400.0
4120,2026-02-09,2323.2
4120,2026-02-16,2265.6
4120,2026-02-23,2265.6
4120,2026-03-02,2240.64
4120,2026-03-09,2245.44
4120,2026-03-16,2221.44
4120,2026-03-23,2160.0
4120,2026-03-30,2113.92
4120,2026-04-06,2252.0
4120,2026-04-13,2306.0
4120,2026-04-20,2215.0
4120,2026-04-27,2211.0
4120,2026-05-04,2355.0
4120,2026-05-11,2299.0
4120,2026-05-18,2329.0
4120,2026-05-25,2460.0
4120,2026-06-01,2500.0
4120,2026-06-08,2480.0
4120,2026-06-15,2530.0
4120,2026-06-22,2770.0
4171,2025-07-07,1349.51
4171,2025-07-14,1350.49
4171,2025-07-21,1360.3
4171,2025-07-28,1370.1
4171,2025-08-04,1386.76
4171,2025-08-11,1375.0
4171,2025-08-18,1372.06
4171,2025-08-25,1384.8
4171,2025-09-01,1401.46
4171,2025-09-08,1383.82
4171,2025-09-15,1398.52
4171,2025-09-22,1420.08
4171,2025-09-29,1416.16
4171,2025-10-06,1416.16
4171,2025-10-13,1421.06
4171,2025-10-20,1424.98
4171,2025-10-27,1450.46
4171,2025-11-03,1428.9
4171,2025-11-10,1408.32
4171,2025-11-17,1430.86
4171,2025-11-24,1445.56
4171,2025-12-01,1454.38
4171,2025-12-08,1451.44
4171,2025-12-15,1460.26
4171,2025-12-22,1473.0
4171,2025-12-29,1373.04
4171,2026-01-05,1406.0
4171,2026-01-12,1433.0
4171,2026-01-19,1419.0
4171,2026-01-26,1402.0
4171,2026-02-02,1406.0
4171,2026-02-09,1406.0
4171,2026-02-16,1403.0
4171,2026-02-23,1418.0
4171,2026-03-02,1399.0
4171,2026-03-09,1385.0
4171,2026-03-16,1374.0
4171,2026-03-23,1335.0
4171,2026-03-30,1332.0
4171,2026-04-06,1331.0
4171,2026-04-13,1341.0
4171,2026-04-20,1300.0
4171,2026-04-27,1274.0
4171,2026-05-04,1260.0
4171,2026-05-11,1235.0
4171,2026-05-18,1674.0
4171,2026-05-25,1675.0
4171,2026-06-01,1675.0
4171,2026-06-08,1676.0
4171,2026-06-15,1677.0
4171,2026-06-22,1678.0
4212,2025-07-07,1925.14
4212,2025-07-14,2000.63
4212,2025-07-21,2048.06
4212,2025-07-28,2113.88
4212,2025-08-04,2159.37
4212,2025-08-11,2129.36
4212,2025-08-18,2136.14
4212,2025-08-25,2114.84
4212,2025-09-01,2135.17
4212,2025-09-08,2124.52
4212,2025-09-15,2126.46
4212,2025-09-22,2172.92
4212,2025-09-29,2044.19
4212,2025-10-06,2036.19
4212,2025-10-13,2034.22
4212,2025-10-20,2114.88
4212,2025-10-27,2030.29
4212,2025-11-03,2040.12
4212,2025-11-10,2094.23
4212,2025-11-17,2070.62
4212,2025-11-24,2123.74
4212,2025-12-01,2031.27
4212,2025-12-08,2123.74
4212,2025-12-15,2119.8
4212,2025-12-22,2101.11
4212,2025-12-29,2096.19
4212,2026-01-05,2094.23
4212,2026-01-12,2126.69
4212,2026-01-19,2137.51
4212,2026-01-26,2044.06
4212,2026-02-02,2198.49
4212,2026-02-09,2212.26
4212,2026-02-16,2221.12
4212,2026-02-23,2443.43
4212,2026-03-02,2405.06
4212,2026-03-09,2322.44
4212,2026-03-16,2206.36
4212,2026-03-23,2168.0
4212,2026-03-30,2181.77
4212,2026-04-06,2254.0
4212,2026-04-13,2250.0
4212,2026-04-20,2107.0
4212,2026-04-27,2099.0
4212,2026-05-04,2218.0
4212,2026-05-11,2161.0
4212,2026-05-18,2123.0
4212,2026-05-25,2128.0
4212,2026-06-01,2139.0
4212,2026-06-08,2300.0
4212,2026-06-15,2373.0
4212,2026-06-22,2560.0
4536,2025-07-07,1598.33
4536,2025-07-14,1640.87
4536,2025-07-21,1647.22
4536,2025-07-28,1635.0
4536,2025-08-04,1450.18
4536,2025-08-11,1540.63
4536,2025-08-18,1540.15
4536,2025-08-25,1527.92
4536,2025-09-01,1578.28
4536,2025-09-08,1583.66
4536,2025-09-15,1613.49
4536,2025-09-22,1598.82
4536,2025-09-29,1605.17
4536,2025-10-06,1554.3
4536,2025-10-13,1487.02
4536,2025-10-20,1511.26
4536,2025-10-27,1492.96
4536,2025-11-03,1497.9
4536,2025-11-10,1575.57
4536,2025-11-17,1594.86
4536,2025-11-24,1582.49
4536,2025-12-01,1534.51
4536,2025-12-08,1541.93
4536,2025-12-15,1620.09
4536,2025-12-22,1614.15
4536,2025-12-29,1608.71
4536,2026-01-05,1658.67
4536,2026-01-12,1747.22
4536,2026-01-19,1742.28
4536,2026-01-26,1719.52
4536,2026-02-02,1700.72
4536,2026-02-09,1701.71
4536,2026-02-16,1697.75
4536,2026-02-23,1729.91
4536,2026-03-02,1601.79
4536,2026-03-09,1623.55
4536,2026-03-16,1668.57
4536,2026-03-23,1768.0
4536,2026-03-30,1806.09
4536,2026-04-06,1826.5
4536,2026-04-13,1772.0
4536,2026-04-20,1674.0
4536,2026-04-27,1643.0
4536,2026-05-04,1617.5
4536,2026-05-11,1861.0
4536,2026-05-18,1905.0
4536,2026-05-25,1915.5
4536,2026-06-01,1927.0
4536,2026-06-08,1923.5
4536,2026-06-15,1874.0
4536,2026-06-22,2128.5
4665,2025-07-07,3908.18
4665,2025-07-14,3803.21
4665,2025-07-21,3809.04
4665,2025-07-28,3920.81
4665,2025-08-04,3896.52
4665,2025-08-11,3822.65
4665,2025-08-18,3845.0
4665,2025-08-25,3818.76
4665,2025-09-01,3849.86
4665,2025-09-08,3806.12
4665,2025-09-15,3781.83
4665,2025-09-22,3873.19
4665,2025-09-29,3674.91
4665,2025-10-06,3687.16
4665,2025-10-13,3665.5
4665,2025-10-20,3682.24
4665,2025-10-27,3658.61
4665,2025-11-03,3729.48
4665,2025-11-10,3892.87
4665,2025-11-17,3954.89
4665,2025-11-24,3969.65
4665,2025-12-01,4049.38
4665,2025-12-08,4200.96
4665,2025-12-15,4301.36
4665,2025-12-22,4236.39
4665,2025-12-29,4188.16
4665,2026-01-05,4231.47
4665,2026-01-12,4293.48
4665,2026-01-19,4350.57
4665,2026-01-26,4179.3
4665,2026-02-02,4258.05
4665,2026-02-09,4239.35
4665,2026-02-16,4160.6
4665,2026-02-23,4255.09
4665,2026-03-02,4194.07
4665,2026-03-09,4152.73
4665,2026-03-16,4204.9
4665,2026-03-23,4261.0
4665,2026-03-30,4143.87
4665,2026-04-06,4163.0
4665,2026-04-13,4136.0
4665,2026-04-20,3940.0
4665,2026-04-27,3915.0
4665,2026-05-04,3933.0
4665,2026-05-11,3975.0
4665,2026-05-18,4156.0
4665,2026-05-25,4015.0
4665,2026-06-01,4100.0
4665,2026-06-08,4285.0
4665,2026-06-15,4168.0
4665,2026-06-22,4296.0
5463,2025-07-07,1170.85
5463,2025-07-14,1154.72
5463,2025-07-21,1197.3
5463,2025-07-28,1190.85
5463,2025-08-04,1156.34
5463,2025-08-11,1199.56
5463,2025-08-18,1231.81
5463,2025-08-25,1228.26
5463,2025-09-01,1257.94
5463,2025-09-08,1250.84
5463,2025-09-15,1235.36
5463,2025-09-22,1249.87
5463,2025-09-29,1230.36
5463,2025-10-06,1247.08
5463,2025-10-13,1260.87
5463,2025-10-20,1280.07
5463,2025-10-27,1284.5
5463,2025-11-03,1291.39
5463,2025-11-10,1339.15
5463,2025-11-17,1348.99
5463,2025-11-24,1420.38
5463,2025-12-01,1393.8
5463,2025-12-08,1428.26
5463,2025-12-15,1425.8
5463,2025-12-22,1432.2
5463,2025-12-29,1428.75
5463,2026-01-05,1475.03
5463,2026-01-12,1526.24
5463,2026-01-19,1541.5
5463,2026-01-26,1509.5
5463,2026-02-02,1577.44
5463,2026-02-09,1543.47
5463,2026-02-16,1562.67
5463,2026-02-23,1600.09
5463,2026-03-02,1464.2
5463,2026-03-09,1414.48
5463,2026-03-16,1410.04
5463,2026-03-23,1445.0
5463,2026-03-30,1436.14
5463,2026-04-06,1462.5
5463,2026-04-13,1468.0
5463,2026-04-20,1461.0
5463,2026-04-27,1458.5
5463,2026-05-04,1502.5
5463,2026-05-11,1922.5
5463,2026-05-18,1833.5
5463,2026-05-25,1804.5
5463,2026-06-01,1650.5
5463,2026-06-08,1616.5
5463,2026-06-15,1646.0
5463,2026-06-22,1710.0
5695,2025-07-07,1952.1
5695,2025-07-14,1972.08
5695,2025-07-21,2007.28
5695,2025-07-28,2070.06
5695,2025-08-04,2107.16
5695,2025-08-11,2089.09
5695,2025-08-18,2135.7
5695,2025-08-25,2198.49
5695,2025-09-01,2283.16
5695,2025-09-08,2238.45
5695,2025-09-15,2244.15
5695,2025-09-22,2169.0
5695,2025-09-29,2093.85
5695,2025-10-06,2150.52
5695,2025-10-13,2197.21
5695,2025-10-20,2181.64
5695,2025-10-27,2164.14
5695,2025-11-03,2149.55
5695,2025-11-10,2204.99
5695,2025-11-17,2222.5
5695,2025-11-24,2212.77
5695,2025-12-01,2305.17
5695,2025-12-08,2241.95
5695,2025-12-15,2227.36
5695,2025-12-22,2229.3
5695,2025-12-29,2259.46
5695,2026-01-05,2292.53
5695,2026-01-12,2348.94
5695,2026-01-19,2352.83
5695,2026-01-26,2326.57
5695,2026-02-02,2373.26
5695,2026-02-09,2341.16
5695,2026-02-16,2576.54
5695,2026-02-23,2694.23
5695,2026-03-02,2455.93
5695,2026-03-09,2554.17
5695,2026-03-16,2507.48
5695,2026-03-23,2489.0
5695,2026-03-30,2407.3
5695,2026-04-06,2500.0
5695,2026-04-13,2675.0
5695,2026-04-20,2648.0
5695,2026-04-27,2470.0
5695,2026-05-04,2492.0
5695,2026-05-11,2554.0
5695,2026-05-18,2502.0
5695,2026-05-25,2700.0
5695,2026-06-01,2734.0
5695,2026-06-08,2710.0
5695,2026-06-15,2957.0
5695,2026-06-22,3240.0
584A,2026-06-22,2575.0
5951,2025-07-07,700.73
5951,2025-07-14,705.59
5951,2025-07-21,725.06
5951,2025-07-28,715.33
5951,2025-08-04,742.58
5951,2025-08-11,754.25
5951,2025-08-18,772.75
5951,2025-08-25,788.32
5951,2025-09-01,785.4
5951,2025-09-08,793.18
5951,2025-09-15,829.19
5951,2025-09-22,856.44
5951,2025-09-29,856.44
5951,2025-10-06,848.66
5951,2025-10-13,852.55
5951,2025-10-20,877.85
5951,2025-10-27,894.4
5951,2025-11-03,881.75
5951,2025-11-10,877.85
5951,2025-11-17,861.31
5951,2025-11-24,886.61
5951,2025-12-01,871.04
5951,2025-12-08,929.44
5951,2025-12-15,928.46
5951,2025-12-22,915.81
5951,2025-12-29,930.41
5951,2026-01-05,923.6
5951,2026-01-12,946.95
5951,2026-01-19,906.08
5951,2026-01-26,883.69
5951,2026-02-02,913.86
5951,2026-02-09,942.09
5951,2026-02-16,971.28
5951,2026-02-23,1019.95
5951,2026-03-02,1044.28
5951,2026-03-09,1033.57
5951,2026-03-16,1026.76
5951,2026-03-23,1018.0
5951,2026-03-30,1007.29
5951,2026-04-06,1013.0
5951,2026-04-13,995.0
5951,2026-04-20,990.0
5951,2026-04-27,978.0
5951,2026-05-04,992.0
5951,2026-05-11,895.0
5951,2026-05-18,903.0
5951,2026-05-25,965.0
5951,2026-06-01,942.0
5951,2026-06-08,976.0
5951,2026-06-15,1125.0
5951,2026-06-22,1192.0
5971,2025-07-07,5542.78
5971,2025-07-14,5542.78
5971,2025-07-21,5532.89
5971,2025-07-28,5552.68
5971,2025-08-04,5711.05
5971,2025-08-11,5829.82
5971,2025-08-18,5918.9
5971,2025-08-25,5899.11
5971,2025-09-01,5948.6
5971,2025-09-08,6354.41
5971,2025-09-15,6176.25
5971,2025-09-22,6483.08
5971,2025-09-29,7027.46
5971,2025-10-06,6582.06
5971,2025-10-13,6898.79
5971,2025-10-20,6839.4
5971,2025-10-27,7037.36
5971,2025-11-03,6671.14
5971,2025-11-10,6908.68
5971,2025-11-17,6908.68
5971,2025-11-24,6878.99
5971,2025-12-01,6878.99
5971,2025-12-08,6908.68
5971,2025-12-15,7324.39
5971,2025-12-22,7433.27
5971,2025-12-29,7522.35
5971,2026-01-05,7344.19
5971,2026-01-12,7076.95
5971,2026-01-19,7076.95
5971,2026-01-26,7096.74
5971,2026-02-02,7146.23
5971,2026-02-09,7265.01
5971,2026-02-16,7373.88
5971,2026-02-23,7581.74
5971,2026-03-02,7324.39
5971,2026-03-09,7393.68
5971,2026-03-16,7641.12
5971,2026-03-23,7601.53
5971,2026-03-30,7789.59
5971,2026-04-06,7680.71
5971,2026-04-13,7730.2
5971,2026-04-20,7730.2
5971,2026-04-27,7195.72
5971,2026-05-04,7350.0
5971,2026-05-11,7100.0
5971,2026-05-18,7010.0
5971,2026-05-25,6950.0
5971,2026-06-01,6950.0
5971,2026-06-08,7010.0
5971,2026-06-15,7550.0
5971,2026-06-22,8080.0
5997,2025-07-07,588.93
5997,2025-07-14,622.94
5997,2025-07-21,632.66
5997,2025-07-28,641.41
5997,2025-08-04,628.77
5997,2025-08-11,634.61
5997,2025-08-18,659.87
5997,2025-08-25,661.82
5997,2025-09-01,688.06
5997,2025-09-08,668.62
5997,2025-09-15,680.28
5997,2025-09-22,674.45
5997,2025-09-29,680.28
5997,2025-10-06,706.52
5997,2025-10-13,692.92
5997,2025-10-20,686.11
5997,2025-10-27,692.92
5997,2025-11-03,679.31
5997,2025-11-10,699.72
5997,2025-11-17,672.51
5997,2025-11-24,690.0
5997,2025-12-01,699.72
5997,2025-12-08,698.75
5997,2025-12-15,694.86
5997,2025-12-22,690.0
5997,2025-12-29,696.8
5997,2026-01-05,710.0
5997,2026-01-12,778.0
5997,2026-01-19,754.0
5997,2026-01-26,734.0
5997,2026-02-02,740.0
5997,2026-02-09,766.0
5997,2026-02-16,763.0
5997,2026-02-23,782.0
5997,2026-03-02,813.0
5997,2026-03-09,806.0
5997,2026-03-16,787.0
5997,2026-03-23,776.0
5997,2026-03-30,797.0
5997,2026-04-06,809.0
5997,2026-04-13,847.0
5997,2026-04-20,815.0
5997,2026-04-27,819.0
5997,2026-05-04,809.0
5997,2026-05-11,820.0
5997,2026-05-18,810.0
5997,2026-05-25,797.0
5997,2026-06-01,828.0
5997,2026-06-08,812.0
5997,2026-06-15,813.0
5997,2026-06-22,873.0
6058,2025-07-07,1047.15
6058,2025-07-14,1065.7
6058,2025-07-21,1077.41
6058,2025-07-28,1093.02
6058,2025-08-04,1079.36
6058,2025-08-11,1084.24
6058,2025-08-18,1077.41
6058,2025-08-25,1110.59
6058,2025-09-01,1126.2
6058,2025-09-08,1120.35
6058,2025-09-15,1118.4
6058,2025-09-22,1110.59
6058,2025-09-29,1064.72
6058,2025-10-06,1069.6
6058,2025-10-13,1147.67
6058,2025-10-20,1167.19
6058,2025-10-27,1133.03
6058,2025-11-03,1088.14
6058,2025-11-10,1123.28
6058,2025-11-17,1136.94
6058,2025-11-24,1122.3
6058,2025-12-01,1093.02
6058,2025-12-08,1089.12
6058,2025-12-15,1131.08
6058,2025-12-22,1156.46
6058,2025-12-29,1173.05
6058,2026-01-05,1233.55
6058,2026-01-12,1440.45
6058,2026-01-19,1492.17
6058,2026-01-26,1422.88
6058,2026-02-02,1452.16
6058,2026-02-09,1374.08
6058,2026-02-16,1321.39
6058,2026-02-23,1402.39
6058,2026-03-02,1384.0
6058,2026-03-09,1333.0
6058,2026-03-16,1289.0
6058,2026-03-23,1274.0
6058,2026-03-30,1288.0
6058,2026-04-06,1282.0
6058,2026-04-13,1190.0
6058,2026-04-20,1155.0
6058,2026-04-27,1267.0
6058,2026-05-04,1284.0
6058,2026-05-11,1259.0
6058,2026-05-18,1292.0
6058,2026-05-25,1408.0
6058,2026-06-01,1407.0
6058,2026-06-08,1472.0
6058,2026-06-15,1626.0
6058,2026-06-22,1685.0
6306,2025-07-07,686.29
6306,2025-07-14,693.9
6306,2025-07-21,725.26
6306,2025-07-28,729.07
6306,2025-08-04,738.57
6306,2025-08-11,742.37
6306,2025-08-18,742.37
6306,2025-08-25,770.89
6306,2025-09-01,766.14
6306,2025-09-08,760.43
6306,2025-09-15,758.53
6306,2025-09-22,756.63
6306,2025-09-29,716.71
6306,2025-10-06,737.21
6306,2025-10-13,744.01
6306,2025-10-20,761.49
6306,2025-10-27,743.03
6306,2025-11-03,731.38
6306,2025-11-10,742.06
6306,2025-11-17,735.26
6306,2025-11-24,749.83
6306,2025-12-01,730.41
6306,2025-12-08,740.12
6306,2025-12-15,764.4
6306,2025-12-22,796.45
6306,2025-12-29,768.29
6306,2026-01-05,790.63
6306,2026-01-12,810.05
6306,2026-01-19,794.51
6306,2026-01-26,791.6
6306,2026-02-02,811.02
6306,2026-02-09,841.13
6306,2026-02-16,831.42
6306,2026-02-23,851.82
6306,2026-03-02,790.63
6306,2026-03-09,772.17
6306,2026-03-16,778.0
6306,2026-03-23,778.0
6306,2026-03-30,765.37
6306,2026-04-06,796.0
6306,2026-04-13,805.0
6306,2026-04-20,799.0
6306,2026-04-27,799.0
6306,2026-05-04,802.0
6306,2026-05-11,842.0
6306,2026-05-18,844.0
6306,2026-05-25,855.0
6306,2026-06-01,866.0
6306,2026-06-08,844.0
6306,2026-06-15,914.0
6306,2026-06-22,912.0
6334,2025-07-07,287.62
6334,2025-07-14,285.65
6334,2025-07-21,290.58
6334,2025-07-28,289.59
6334,2025-08-04,289.59
6334,2025-08-11,298.46
6334,2025-08-18,297.47
6334,2025-08-25,295.5
6334,2025-09-01,296.49
6334,2025-09-08,296.49
6334,2025-09-15,313.23
6334,2025-09-22,315.2
6334,2025-09-29,305.35
6334,2025-10-06,328.99
6334,2025-10-13,332.93
6334,2025-10-20,352.63
6334,2025-10-27,358.54
6334,2025-11-03,378.24
6334,2025-11-10,333.92
6334,2025-11-17,362.48
6334,2025-11-24,363.46
6334,2025-12-01,349.68
6334,2025-12-08,335.89
6334,2025-12-15,318.15
6334,2025-12-22,338.84
6334,2025-12-29,349.68
6334,2026-01-05,369.38
6334,2026-01-12,394.99
6334,2026-01-19,395.97
6334,2026-01-26,411.73
6334,2026-02-02,411.73
6334,2026-02-09,395.97
6334,2026-02-16,394.0
6334,2026-02-23,404.83
6334,2026-03-02,398.93
6334,2026-03-09,394.0
6334,2026-03-16,394.0
6334,2026-03-23,394.0
6334,2026-03-30,394.99
6334,2026-04-06,401.0
6334,2026-04-13,404.0
6334,2026-04-20,400.0
6334,2026-04-27,400.0
6334,2026-05-04,402.0
6334,2026-05-11,402.0
6334,2026-05-18,434.0
6334,2026-05-25,445.0
6334,2026-06-01,451.0
6334,2026-06-08,450.0
6334,2026-06-15,450.0
6334,2026-06-22,466.0
6340,2025-07-07,3278.34
6340,2025-07-14,3361.28
6340,2025-07-21,3458.84
6340,2025-07-28,3541.78
6340,2025-08-04,3658.86
6340,2025-08-11,3414.94
6340,2025-08-18,3561.29
6340,2025-08-25,3483.24
6340,2025-09-01,3361.28
6340,2025-09-08,3327.13
6340,2025-09-15,3405.18
6340,2025-09-22,3439.33
6340,2025-09-29,3283.22
6340,2025-10-06,3302.73
6340,2025-10-13,3317.37
6340,2025-10-20,3400.3
6340,2025-10-27,3341.76
6340,2025-11-03,3097.84
6340,2025-11-10,3171.01
6340,2025-11-17,3200.29
6340,2025-11-24,3336.88
6340,2025-12-01,3292.98
6340,2025-12-08,3327.13
6340,2025-12-15,3346.64
6340,2025-12-22,3361.28
6340,2025-12-29,3356.4
6340,2026-01-05,3447.84
6340,2026-01-12,3556.67
6340,2026-01-19,3571.51
6340,2026-01-26,3482.47
6340,2026-02-02,3596.24
6340,2026-02-09,3645.71
6340,2026-02-16,3502.26
6340,2026-02-23,3685.28
6340,2026-03-02,3472.58
6340,2026-03-09,3348.91
6340,2026-03-16,3314.28
6340,2026-03-23,3388.48
6340,2026-03-30,3428.06
6340,2026-04-06,3502.26
6340,2026-04-13,3447.84
6340,2026-04-20,3324.18
6340,2026-04-27,3403.32
6340,2026-05-04,3531.94
6340,2026-05-11,3700.12
6340,2026-05-18,3779.27
6340,2026-05-25,3848.52
6340,2026-06-01,4214.58
6340,2026-06-08,3873.26
6340,2026-06-15,4194.79
6340,2026-06-22,4407.5
6549,2025-07-07,764.72
6549,2025-07-14,762.76
6549,2025-07-21,759.33
6549,2025-07-28,745.63
6549,2025-08-04,775.98
6549,2025-08-11,738.28
6549,2025-08-18,739.26
6549,2025-08-25,747.58
6549,2025-09-01,746.6
6549,2025-09-08,762.27
6549,2025-09-15,749.05
6549,2025-09-22,771.08
6549,2025-09-29,739.26
6549,2025-10-06,731.54
6549,2025-10-13,730.06
6549,2025-10-20,735.0
6549,2025-10-27,738.95
6549,2025-11-03,730.06
6549,2025-11-10,769.6
6549,2025-11-17,787.39
6549,2025-11-24,785.42
6549,2025-12-01,792.34
6549,2025-12-08,788.38
6549,2025-12-15,783.93
6549,2025-12-22,783.93
6549,2025-12-29,784.43
6549,2026-01-05,783.44
6549,2026-01-12,789.37
6549,2026-01-19,795.3
6549,2026-01-26,788.38
6549,2026-02-02,794.31
6549,2026-02-09,787.39
6549,2026-02-16,804.69
6549,2026-02-23,837.32
6549,2026-03-02,821.01
6549,2026-03-09,850.17
6549,2026-03-16,861.04
6549,2026-03-23,908.0
6549,2026-03-30,869.94
6549,2026-04-06,850.0
6549,2026-04-13,861.5
6549,2026-04-20,869.5
6549,2026-04-27,860.0
6549,2026-05-04,918.0
6549,2026-05-11,947.5
6549,2026-05-18,1024.5
6549,2026-05-25,1020.0
6549,2026-06-01,1044.5
6549,2026-06-08,1048.5
6549,2026-06-15,1050.0
6549,2026-06-22,1089.0
6707,2025-07-07,8973.0
6707,2025-07-14,8365.0
6707,2025-07-21,8708.0
6707,2025-07-28,8596.0
6707,2025-08-04,8683.0
6707,2025-08-11,8330.0
6707,2025-08-18,8563.0
6707,2025-08-25,8268.0
6707,2025-09-01,7688.0
6707,2025-09-08,7532.0
6707,2025-09-15,7733.0
6707,2025-09-22,7323.0
6707,2025-09-29,7148.0
6707,2025-10-06,7050.0
6707,2025-10-13,7232.0
6707,2025-10-20,7530.0
6707,2025-10-27,7443.0
6707,2025-11-03,6671.0
6707,2025-11-10,5441.0
6707,2025-11-17,5040.0
6707,2025-11-24,5419.0
6707,2025-12-01,5877.0
6707,2025-12-08,5791.0
6707,2025-12-15,5494.0
6707,2025-12-22,6000.0
6707,2025-12-29,5779.0
6707,2026-01-05,6526.0
6707,2026-01-12,6623.0
6707,2026-01-19,6957.0
6707,2026-01-26,7327.0
6707,2026-02-02,7849.0
6707,2026-02-09,8192.0
6707,2026-02-16,7765.0
6707,2026-02-23,7722.0
6707,2026-03-02,7598.0
6707,2026-03-09,6833.0
6707,2026-03-16,6738.0
6707,2026-03-23,7465.0
6707,2026-03-30,8353.0
6707,2026-04-06,8794.0
6707,2026-04-13,8457.0
6707,2026-04-20,9706.0
6707,2026-04-27,9663.0
6707,2026-05-04,9619.0
6707,2026-05-11,9067.0
6707,2026-05-18,9291.0
6707,2026-05-25,9090.0
6707,2026-06-01,9333.0
6707,2026-06-08,8171.0
6707,2026-06-15,9664.0
6707,2026-06-22,11055.0
6863,2025-07-07,1867.99
6863,2025-07-14,1856.51
6863,2025-07-21,2011.54
6863,2025-07-28,1994.31
6863,2025-08-04,1967.52
6863,2025-08-11,1808.66
6863,2025-08-18,1846.94
6863,2025-08-25,1912.01
6863,2025-09-01,1909.14
6863,2025-09-08,1897.66
6863,2025-09-15,1912.97
6863,2025-09-22,1870.86
6863,2025-09-29,1751.24
6863,2025-10-06,1799.73
6863,2025-10-13,1780.24
6863,2025-10-20,1831.89
6863,2025-10-27,1789.01
6863,2025-11-03,1777.32
6863,2025-11-10,1818.24
6863,2025-11-17,1812.4
6863,2025-11-24,1874.76
6863,2025-12-01,1885.48
6863,2025-12-08,1875.73
6863,2025-12-15,1885.48
6863,2025-12-22,1962.46
6863,2025-12-29,2002.41
6863,2026-01-05,2048.2
6863,2026-01-12,2179.75
6863,2026-01-19,2122.26
6863,2026-01-26,2108.62
6863,2026-02-02,2135.9
6863,2026-02-09,2228.47
6863,2026-02-16,2180.72
6863,2026-02-23,2256.73
6863,2026-03-02,2255.75
6863,2026-03-09,2169.03
6863,2026-03-16,2114.46
6863,2026-03-23,2056.0
6863,2026-03-30,1984.87
6863,2026-04-06,2106.0
6863,2026-04-13,2122.0
6863,2026-04-20,2062.0
6863,2026-04-27,2101.0
6863,2026-05-04,2209.0
6863,2026-05-11,2403.0
6863,2026-05-18,2508.0
6863,2026-05-25,2650.0
6863,2026-06-01,2721.0
6863,2026-06-08,2604.0
6863,2026-06-15,2656.0
6863,2026-06-22,2831.0
6951,2025-07-07,4290.51
6951,2025-07-14,4147.01
6951,2025-07-21,4233.89
6951,2025-07-28,4248.54
6951,2025-08-04,4281.73
6951,2025-08-11,4578.5
6951,2025-08-18,4656.6
6951,2025-08-25,4573.62
6951,2025-09-01,4788.39
6951,2025-09-08,4767.89
6951,2025-09-15,4778.63
6951,2025-09-22,4859.65
6951,2025-09-29,5080.28
6951,2025-10-06,5201.06
6951,2025-10-13,5090.55
6951,2025-10-20,5118.18
6951,2025-10-27,5132.98
6951,2025-11-03,5023.45
6951,2025-11-10,5071.8
6951,2025-11-17,4522.19
6951,2025-11-24,4759.01
6951,2025-12-01,4972.14
6951,2025-12-08,4864.59
6951,2025-12-15,4749.14
6951,2025-12-22,4987.93
6951,2025-12-29,4964.25
6951,2026-01-05,5080.68
6951,2026-01-12,5806.92
6951,2026-01-19,6098.0
6951,2026-01-26,6125.63
6951,2026-02-02,6063.47
6951,2026-02-09,6216.41
6951,2026-02-16,6406.85
6951,2026-02-23,6796.61
6951,2026-03-02,6318.04
6951,2026-03-09,5914.47
6951,2026-03-16,5866.12
6951,2026-03-23,5875.0
6951,2026-03-30,5996.37
6951,2026-04-06,6291.0
6951,2026-04-13,6100.0
6951,2026-04-20,6419.0
6951,2026-04-27,6211.0
6951,2026-05-04,6592.0
6951,2026-05-11,6952.0
6951,2026-05-18,6600.0
6951,2026-05-25,7114.0
6951,2026-06-01,7084.0
6951,2026-06-08,6456.0
6951,2026-06-15,7066.0
6951,2026-06-22,7343.0
7069,2025-07-07,373.5
7069,2025-07-14,367.5
7069,2025-07-21,380.0
7069,2025-07-28,382.5
7069,2025-08-04,380.0
7069,2025-08-11,365.5
7069,2025-08-18,381.0
7069,2025-08-25,438.0
7069,2025-09-01,422.5
7069,2025-09-08,424.0
7069,2025-09-15,411.5
7069,2025-09-22,419.5
7069,2025-09-29,405.0
7069,2025-10-06,400.0
7069,2025-10-13,376.5
7069,2025-10-20,380.5
7069,2025-10-27,367.5
7069,2025-11-03,408.0
7069,2025-11-10,378.5
7069,2025-11-17,377.0
7069,2025-11-24,420.0
7069,2025-12-01,386.0
7069,2025-12-08,367.0
7069,2025-12-15,379.5
7069,2025-12-22,370.5
7069,2025-12-29,378.5
7069,2026-01-05,397.0
7069,2026-01-12,421.5
7069,2026-01-19,455.0
7069,2026-01-26,440.0
7069,2026-02-02,444.5
7069,2026-02-09,434.5
7069,2026-02-16,413.5
7069,2026-02-23,405.5
7069,2026-03-02,391.0
7069,2026-03-09,390.0
7069,2026-03-16,381.0
7069,2026-03-23,388.5
7069,2026-03-30,380.0
7069,2026-04-06,395.0
7069,2026-04-13,396.5
7069,2026-04-20,395.0
7069,2026-04-27,397.5
7069,2026-05-04,401.0
7069,2026-05-11,495.5
7069,2026-05-18,559.0
7069,2026-05-25,548.0
7069,2026-06-01,565.0
7069,2026-06-08,646.0
7069,2026-06-15,589.0
7069,2026-06-22,639.5
7085,2025-07-07,693.08
7085,2025-07-14,661.84
7085,2025-07-21,707.72
7085,2025-07-28,746.77
7085,2025-08-04,761.41
7085,2025-08-11,766.29
7085,2025-08-18,774.1
7085,2025-08-25,811.19
7085,2025-09-01,832.25
7085,2025-09-08,816.45
7085,2025-09-15,815.46
7085,2025-09-22,829.29
7085,2025-09-29,819.41
7085,2025-10-06,842.12
7085,2025-10-13,757.22
7085,2025-10-20,760.18
7085,2025-10-27,717.73
7085,2025-11-03,737.47
7085,2025-11-10,740.43
7085,2025-11-17,772.03
7085,2025-11-24,766.1
7085,2025-12-01,753.27
7085,2025-12-08,743.4
7085,2025-12-15,774.99
7085,2025-12-22,793.74
7085,2025-12-29,790.78
7085,2026-01-05,788.81
7085,2026-01-12,774.0
7085,2026-01-19,746.36
7085,2026-01-26,735.5
7085,2026-02-02,751.29
7085,2026-02-09,749.32
7085,2026-02-16,759.19
7085,2026-02-23,807.57
7085,2026-03-02,829.0
7085,2026-03-09,779.0
7085,2026-03-16,768.0
7085,2026-03-23,759.0
7085,2026-03-30,769.0
7085,2026-04-06,779.0
7085,2026-04-13,884.0
7085,2026-04-20,815.0
7085,2026-04-27,820.0
7085,2026-05-04,831.0
7085,2026-05-11,824.0
7085,2026-05-18,851.0
7085,2026-05-25,854.0
7085,2026-06-01,852.0
7085,2026-06-08,876.0
7085,2026-06-15,879.0
7085,2026-06-22,915.0
7173,2025-07-07,828.97
7173,2025-07-14,826.52
7173,2025-07-21,840.01
7173,2025-07-28,810.58
7173,2025-08-04,784.82
7173,2025-08-11,853.5
7173,2025-08-18,871.89
7173,2025-08-25,866.98
7173,2025-09-01,876.79
7173,2025-09-08,895.19
7173,2025-09-15,878.02
7173,2025-09-22,906.23
7173,2025-09-29,880.47
7173,2025-10-06,901.88
7173,2025-10-13,875.83
7173,2025-10-20,891.96
7173,2025-10-27,910.57
7173,2025-11-03,927.94
7173,2025-11-10,986.24
7173,2025-11-17,987.48
7173,2025-11-24,1051.99
7173,2025-12-01,1060.68
7173,2025-12-08,1065.64
7173,2025-12-15,1091.69
7173,2025-12-22,1066.88
7173,2025-12-29,1079.28
7173,2026-01-05,1152.48
7173,2026-01-12,1216.98
7173,2026-01-19,1244.28
7173,2026-01-26,1249.24
7173,2026-02-02,1355.93
7173,2026-02-09,1424.16
7173,2026-02-16,1412.99
7173,2026-02-23,1451.45
7173,2026-03-02,1406.79
7173,2026-03-09,1357.17
7173,2026-03-16,1375.78
7173,2026-03-23,1395.62
7173,2026-03-30,1426.64
7173,2026-04-06,1535.0
7173,2026-04-13,1521.25
7173,2026-04-20,1410.0
7173,2026-04-27,1461.25
7173,2026-05-04,1436.25
7173,2026-05-11,1322.5
7173,2026-05-18,1381.25
7173,2026-05-25,1437.5
7173,2026-06-01,1466.25
7173,2026-06-08,1438.75
7173,2026-06-15,1562.5
7173,2026-06-22,1796.25
7183,2025-07-07,168.0
7183,2025-07-14,165.0
7183,2025-07-21,167.0
7183,2025-07-28,168.0
7183,2025-08-04,165.0
7183,2025-08-11,164.0
7183,2025-08-18,165.0
7183,2025-08-25,167.0
7183,2025-09-01,167.0
7183,2025-09-08,168.0
7183,2025-09-15,172.0
7183,2025-09-22,168.0
7183,2025-09-29,164.0
7183,2025-10-06,164.0
7183,2025-10-13,157.0
7183,2025-10-20,159.0
7183,2025-10-27,155.0
7183,2025-11-03,151.0
7183,2025-11-10,152.0
7183,2025-11-17,148.0
7183,2025-11-24,145.0
7183,2025-12-01,142.0
7183,2025-12-08,143.0
7183,2025-12-15,146.0
7183,2025-12-22,150.0
7183,2025-12-29,153.0
7183,2026-01-05,155.0
7183,2026-01-12,160.0
7183,2026-01-19,166.0
7183,2026-01-26,166.0
7183,2026-02-02,159.0
7183,2026-02-09,167.0
7183,2026-02-16,175.0
7183,2026-02-23,186.0
7183,2026-03-02,180.0
7183,2026-03-09,184.0
7183,2026-03-16,212.0
7183,2026-03-23,190.0
7183,2026-03-30,198.0
7183,2026-04-06,175.0
7183,2026-04-13,177.0
7183,2026-04-20,181.0
7183,2026-04-27,174.0
7183,2026-05-04,174.0
7183,2026-05-11,256.0
7183,2026-05-18,256.0
7183,2026-05-25,257.0
7183,2026-06-01,257.0
7183,2026-06-08,256.0
7183,2026-06-15,256.0
7183,2026-06-22,257.0
7282,2025-07-07,2896.66
7282,2025-07-14,2916.47
7282,2025-07-21,3072.0
7282,2025-07-28,3198.55
7282,2025-08-04,3372.44
7282,2025-08-11,3299.98
7282,2025-08-18,3429.43
7282,2025-08-25,3483.53
7282,2025-09-01,3681.57
7282,2025-09-08,3633.27
7282,2025-09-15,3584.0
7282,2025-09-22,3664.18
7282,2025-09-29,3487.4
7282,2025-10-06,3577.06
7282,2025-10-13,3545.73
7282,2025-10-20,3683.76
7282,2025-10-27,3501.68
7282,2025-11-03,3751.31
7282,2025-11-10,3753.26
7282,2025-11-17,3373.44
7282,2025-11-24,3494.82
7282,2025-12-01,3389.1
7282,2025-12-08,3719.98
7282,2025-12-15,3963.74
7282,2025-12-22,3832.56
7282,2025-12-29,3859.97
7282,2026-01-05,3967.65
7282,2026-01-12,4243.71
7282,2026-01-19,4258.4
7282,2026-01-26,4102.75
7282,2026-02-02,4908.42
7282,2026-02-09,4985.75
7282,2026-02-16,4781.15
7282,2026-02-23,4983.8
7282,2026-03-02,4589.28
7282,2026-03-09,4264.27
7282,2026-03-16,4080.23
7282,2026-03-23,4091.0
7282,2026-03-30,4033.24
7282,2026-04-06,4264.0
7282,2026-04-13,4257.0
7282,2026-04-20,4022.0
7282,2026-04-27,4538.0
7282,2026-05-04,4659.0
7282,2026-05-11,4771.0
7282,2026-05-18,4593.0
7282,2026-05-25,4827.0
7282,2026-06-01,4716.0
7282,2026-06-08,4577.0
7282,2026-06-15,5027.0
7282,2026-06-22,5225.0
7380,2025-07-07,1015.96
7380,2025-07-14,1021.76
7380,2025-07-21,1054.66
7380,2025-07-28,1021.76
7380,2025-08-04,1044.98
7380,2025-08-11,1081.75
7380,2025-08-18,1085.62
7380,2025-08-25,1056.59
7380,2025-09-01,1060.46
7380,2025-09-08,1072.08
7380,2025-09-15,1054.66
7380,2025-09-22,1091.43
7380,2025-09-29,1037.24
7380,2025-10-06,1055.97
7380,2025-10-13,1061.88
7380,2025-10-20,1091.43
7380,2025-10-27,1107.19
7380,2025-11-03,1132.8
7380,2025-11-10,1168.26
7380,2025-11-17,1205.69
7380,2025-11-24,1225.39
7380,2025-12-01,1258.88
7380,2025-12-08,1294.35
7380,2025-12-15,1319.96
7380,2025-12-22,1345.57
7380,2025-12-29,1418.46
7380,2026-01-05,1461.8
7380,2026-01-12,1591.83
7380,2026-01-19,1676.54
7380,2026-01-26,1615.47
7380,2026-02-02,1780.96
7380,2026-02-09,1802.63
7380,2026-02-16,1946.44
7380,2026-02-23,2029.19
7380,2026-03-02,1869.61
7380,2026-03-09,1784.9
7380,2026-03-16,1741.56
7380,2026-03-23,1844.0
7380,2026-03-30,1842.03
7380,2026-04-06,2055.0
7380,2026-04-13,2116.0
7380,2026-04-20,1999.0
7380,2026-04-27,2059.0
7380,2026-05-04,2060.0
7380,2026-05-11,2045.0
7380,2026-05-18,2151.0
7380,2026-05-25,2116.0
7380,2026-06-01,2095.0
7380,2026-06-08,2197.0
7380,2026-06-15,2179.0
7380,2026-06-22,2290.0
7460,2025-07-07,935.74
7460,2025-07-14,917.18
7460,2025-07-21,955.26
7460,2025-07-28,958.14
7460,2025-08-04,1049.67
7460,2025-08-11,1136.07
7460,2025-08-18,1083.27
7460,2025-08-25,1041.67
7460,2025-09-01,1040.07
7460,2025-09-08,1043.27
7460,2025-09-15,992.06
7460,2025-09-22,1020.87
7460,2025-09-29,972.86
7460,2025-10-06,973.07
7460,2025-10-13,1011.11
7460,2025-10-20,1024.12
7460,2025-10-27,1006.23
7460,2025-11-03,1025.74
7460,2025-11-10,1116.77
7460,2025-11-17,1040.37
7460,2025-11-24,1027.37
7460,2025-12-01,1061.5
7460,2025-12-08,1064.76
7460,2025-12-15,1074.51
7460,2025-12-22,1141.16
7460,2025-12-29,1124.9
7460,2026-01-05,1144.41
7460,2026-01-12,1180.17
7460,2026-01-19,1160.67
7460,2026-01-26,1092.39
7460,2026-02-02,1141.16
7460,2026-02-09,1349.23
7460,2026-02-16,1371.99
7460,2026-02-23,1458.15
7460,2026-03-02,1445.14
7460,2026-03-09,1415.88
7460,2026-03-16,1404.5
7460,2026-03-23,1398.0
7460,2026-03-30,1315.1
7460,2026-04-06,1350.0
7460,2026-04-13,1311.67
7460,2026-04-20,1286.67
7460,2026-04-27,1298.33
7460,2026-05-04,1321.67
7460,2026-05-11,1453.33
7460,2026-05-18,1500.0
7460,2026-05-25,1491.67
7460,2026-06-01,1500.0
7460,2026-06-08,1596.67
7460,2026-06-15,1585.0
7460,2026-06-22,1635.0
7462,2025-07-07,206.84
7462,2025-07-14,207.32
7462,2025-07-21,217.52
7462,2025-07-28,224.31
7462,2025-08-04,216.06
7462,2025-08-11,217.03
7462,2025-08-18,205.38
7462,2025-08-25,233.05
7462,2025-09-01,233.05
7462,2025-09-08,232.57
7462,2025-09-15,237.91
7462,2025-09-22,235.0
7462,2025-09-29,219.46
7462,2025-10-06,218.32
7462,2025-10-13,216.84
7462,2025-10-20,217.34
7462,2025-10-27,219.3
7462,2025-11-03,219.79
7462,2025-11-10,235.49
7462,2025-11-17,245.3
7462,2025-11-24,257.07
7462,2025-12-01,264.43
7462,2025-12-08,250.7
7462,2025-12-15,257.56
7462,2025-12-22,267.87
7462,2025-12-29,281.11
7462,2026-01-05,286.02
7462,2026-01-12,298.77
7462,2026-01-19,294.36
7462,2026-01-26,295.34
7462,2026-02-02,293.87
7462,2026-02-09,292.89
7462,2026-02-16,305.64
7462,2026-02-23,302.7
7462,2026-03-02,297.79
7462,2026-03-09,300.25
7462,2026-03-16,296.32
7462,2026-03-23,287.0
7462,2026-03-30,263.45
7462,2026-04-06,270.0
7462,2026-04-13,288.0
7462,2026-04-20,317.5
7462,2026-04-27,297.5
7462,2026-05-04,275.5
7462,2026-05-11,312.5
7462,2026-05-18,312.5
7462,2026-05-25,305.5
7462,2026-06-01,313.0
7462,2026-06-08,325.0
7462,2026-06-15,328.5
7462,2026-06-22,338.5
7624,2025-07-07,129.31
7624,2025-07-14,127.36
7624,2025-07-21,129.31
7624,2025-07-28,130.28
7624,2025-08-04,129.31
7624,2025-08-11,129.31
7624,2025-08-18,135.14
7624,2025-08-25,134.17
7624,2025-09-01,134.17
7624,2025-09-08,137.08
7624,2025-09-15,137.08
7624,2025-09-22,137.08
7624,2025-09-29,134.17
7624,2025-10-06,134.17
7624,2025-10-13,133.19
7624,2025-10-20,136.11
7624,2025-10-27,133.19
7624,2025-11-03,135.14
7624,2025-11-10,136.11
7624,2025-11-17,133.19
7624,2025-11-24,136.11
7624,2025-12-01,135.14
7624,2025-12-08,135.14
7624,2025-12-15,137.08
7624,2025-12-22,131.25
7624,2025-12-29,129.31
7624,2026-01-05,138.06
7624,2026-01-12,138.06
7624,2026-01-19,140.0
7624,2026-01-26,135.14
7624,2026-02-02,137.08
7624,2026-02-09,140.0
7624,2026-02-16,140.0
7624,2026-02-23,140.0
7624,2026-03-02,139.0
7624,2026-03-09,136.0
7624,2026-03-16,136.0
7624,2026-03-23,134.0
7624,2026-03-30,133.0
7624,2026-04-06,133.0
7624,2026-04-13,133.0
7624,2026-04-20,133.0
7624,2026-04-27,134.0
7624,2026-05-04,134.0
7624,2026-05-11,134.0
7624,2026-05-18,133.0
7624,2026-05-25,135.0
7624,2026-06-01,134.0
7624,2026-06-08,132.0
7624,2026-06-15,136.0
7624,2026-06-22,138.0
7683,2025-07-07,1347.22
7683,2025-07-14,1339.32
7683,2025-07-21,1360.06
7683,2025-07-28,1305.74
7683,2025-08-04,1280.2
7683,2025-08-11,1285.17
7683,2025-08-18,1292.12
7683,2025-08-25,1285.17
7683,2025-09-01,1290.14
7683,2025-09-08,1306.04
7683,2025-09-15,1294.11
7683,2025-09-22,1339.83
7683,2025-09-29,1327.91
7683,2025-10-06,1300.08
7683,2025-10-13,1322.94
7683,2025-10-20,1322.94
7683,2025-10-27,1320.95
7683,2025-11-03,1315.98
7683,2025-11-10,1329.89
7683,2025-11-17,1333.87
7683,2025-11-24,1371.64
7683,2025-12-01,1374.62
7683,2025-12-08,1376.61
7683,2025-12-15,1357.72
7683,2025-12-22,1400.46
7683,2025-12-29,1371.64
7683,2026-01-05,1381.58
7683,2026-01-12,1416.37
7683,2026-01-19,1409.41
7683,2026-01-26,1324.92
7683,2026-02-02,1314.0
7683,2026-02-09,1328.0
7683,2026-02-16,1327.0
7683,2026-02-23,1370.0
7683,2026-03-02,1357.0
7683,2026-03-09,1363.0
7683,2026-03-16,1341.0
7683,2026-03-23,1364.0
7683,2026-03-30,1343.0
7683,2026-04-06,1374.0
7683,2026-04-13,1365.0
7683,2026-04-20,1352.0
7683,2026-04-27,1376.0
7683,2026-05-04,1374.0
7683,2026-05-11,1383.0
7683,2026-05-18,1397.0
7683,2026-05-25,1415.0
7683,2026-06-01,1404.0
7683,2026-06-08,1406.0
7683,2026-06-15,1426.0
7683,2026-06-22,1422.0
7966,2025-07-07,2904.0
7966,2025-07-14,2903.02
7966,2025-07-21,2925.41
7966,2025-07-28,3013.03
7966,2025-08-04,3008.16
7966,2025-08-11,3100.65
7966,2025-08-18,3173.66
7966,2025-08-25,3368.36
7966,2025-09-01,3451.11
7966,2025-09-08,3528.99
7966,2025-09-15,3538.73
7966,2025-09-22,3567.93
7966,2025-09-29,3592.27
7966,2025-10-06,3661.83
7966,2025-10-13,3671.71
7966,2025-10-20,3854.56
7966,2025-10-27,3879.26
7966,2025-11-03,3834.79
7966,2025-11-10,3849.61
7966,2025-11-17,3819.96
7966,2025-11-24,4086.82
7966,2025-12-01,4190.59
7966,2025-12-08,4254.84
7966,2025-12-15,4304.25
7966,2025-12-22,4289.43
7966,2025-12-29,4368.5
7966,2026-01-05,4373.44
7966,2026-01-12,4650.17
7966,2026-01-19,4778.66
7966,2026-01-26,4709.48
7966,2026-02-02,4842.9
7966,2026-02-09,4684.77
7966,2026-02-16,5099.87
7966,2026-02-23,5396.38
7966,2026-03-02,5089.99
7966,2026-03-09,4758.89
7966,2026-03-16,4635.35
7966,2026-03-23,4665.0
7966,2026-03-30,4521.69
7966,2026-04-06,5060.0
7966,2026-04-13,4870.0
7966,2026-04-20,4960.0
7966,2026-04-27,4955.0
7966,2026-05-04,5210.0
7966,2026-05-11,5380.0
7966,2026-05-18,5420.0
7966,2026-05-25,5750.0
7966,2026-06-01,5760.0
7966,2026-06-08,5740.0
7966,2026-06-15,6480.0
7966,2026-06-22,6740.0
7970,2025-07-07,1652.42
7970,2025-07-14,1689.25
7970,2025-07-21,1769.69
7970,2025-07-28,1740.62
7970,2025-08-04,1733.83
7970,2025-08-11,1813.31
7970,2025-08-18,1822.03
7970,2025-08-25,1813.31
7970,2025-09-01,1800.71
7970,2025-09-08,1840.44
7970,2025-09-15,1866.61
7970,2025-09-22,1903.44
7970,2025-09-29,1866.61
7970,2025-10-06,1861.12
7970,2025-10-13,1866.04
7970,2025-10-20,1880.8
7970,2025-10-27,1902.45
7970,2025-11-03,1828.64
7970,2025-11-10,1865.05
7970,2025-11-17,1895.56
7970,2025-11-24,1908.36
7970,2025-12-01,1878.83
7970,2025-12-08,1949.7
7970,2025-12-15,1929.03
7970,2025-12-22,1956.58
7970,2025-12-29,1970.36
7970,2026-01-05,2014.65
7970,2026-01-12,2106.18
7970,2026-01-19,2109.14
7970,2026-01-26,1985.13
7970,2026-02-02,2015.64
7970,2026-02-09,2042.21
7970,2026-02-16,2113.07
7970,2026-02-23,2199.68
7970,2026-03-02,2079.61
7970,2026-03-09,2031.38
7970,2026-03-16,1989.06
7970,2026-03-23,1993.0
7970,2026-03-30,1969.38
7970,2026-04-06,2126.0
7970,2026-04-13,2092.0
7970,2026-04-20,2089.0
7970,2026-04-27,2174.0
7970,2026-05-04,2233.0
7970,2026-05-11,2298.0
7970,2026-05-18,2241.0
7970,2026-05-25,2271.0
7970,2026-06-01,2345.0
7970,2026-06-08,2271.0
7970,2026-06-15,2324.0
7970,2026-06-22,2422.0
8008,2025-07-07,1658.52
8008,2025-07-14,1651.84
8008,2025-07-21,1644.2
8008,2025-07-28,1669.98
8008,2025-08-04,1671.89
8008,2025-08-11,1669.02
8008,2025-08-18,1671.89
8008,2025-08-25,1640.38
8008,2025-09-01,1699.88
8008,2025-09-08,1693.03
8008,2025-09-15,1705.75
8008,2025-09-22,1719.44
8008,2025-09-29,1653.91
8008,2025-10-06,1675.43
8008,2025-10-13,1716.51
8008,2025-10-20,1712.59
8008,2025-10-27,1675.43
8008,2025-11-03,1682.27
8008,2025-11-10,1709.66
8008,2025-11-17,1716.51
8008,2025-11-24,1727.26
8008,2025-12-01,1687.16
8008,2025-12-08,1689.12
8008,2025-12-15,1705.75
8008,2025-12-22,1725.31
8008,2025-12-29,1748.78
8008,2026-01-05,1779.1
8008,2026-01-12,1830.94
8008,2026-01-19,1806.49
8008,2026-01-26,1781.06
8008,2026-02-02,1793.77
8008,2026-02-09,1809.42
8008,2026-02-16,1841.7
8008,2026-02-23,1798.66
8008,2026-03-02,1814.0
8008,2026-03-09,1800.0
8008,2026-03-16,1777.0
8008,2026-03-23,1814.0
8008,2026-03-30,1839.0
8008,2026-04-06,1805.0
8008,2026-04-13,1918.0
8008,2026-04-20,1854.0
8008,2026-04-27,1839.0
8008,2026-05-04,1831.0
8008,2026-05-11,1814.0
8008,2026-05-18,1823.0
8008,2026-05-25,1820.0
8008,2026-06-01,1801.0
8008,2026-06-08,1880.0
8008,2026-06-15,1896.0
8008,2026-06-22,1922.0
8173,2025-07-07,2327.53
8173,2025-07-14,2328.49
8173,2025-07-21,2347.79
8173,2025-07-28,2411.45
8173,2025-08-04,2360.33
8173,2025-08-11,2346.82
8173,2025-08-18,2414.34
8173,2025-08-25,2418.2
8173,2025-09-01,2491.51
8173,2025-09-08,2472.22
8173,2025-09-15,2516.59
8173,2025-09-22,2589.9
8173,2025-09-29,2421.09
8173,2025-10-06,2464.09
8173,2025-10-13,2609.55
8173,2025-10-20,2664.59
8173,2025-10-27,2626.26
8173,2025-11-03,2560.41
8173,2025-11-10,2546.65
8173,2025-11-17,2626.26
8173,2025-11-24,2670.49
8173,2025-12-01,2578.1
8173,2025-12-08,2584.98
8173,2025-12-15,2609.55
8173,2025-12-22,2668.53
8173,2025-12-29,2666.56
8173,2026-01-05,2647.89
8173,2026-01-12,2682.29
8173,2026-01-19,2671.47
8173,2026-01-26,2698.01
8173,2026-02-02,2685.24
8173,2026-02-09,2726.52
8173,2026-02-16,2752.07
8173,2026-02-23,2793.35
8173,2026-03-02,2771.73
8173,2026-03-09,2733.4
8173,2026-03-16,2720.62
8173,2026-03-23,2871.0
8173,2026-03-30,2850.36
8173,2026-04-06,2988.0
8173,2026-04-13,2886.0
8173,2026-04-20,2902.0
8173,2026-04-27,2990.0
8173,2026-05-04,2921.0
8173,2026-05-11,2975.0
8173,2026-05-18,3070.0
8173,2026-05-25,3070.0
8173,2026-06-01,3460.0
8173,2026-06-08,3785.0
8173,2026-06-15,3830.0
8173,2026-06-22,3925.0
8242,2025-07-07,1927.52
8242,2025-07-14,1927.52
8242,2025-07-21,1949.09
8242,2025-07-28,1995.68
8242,2025-08-04,2037.36
8242,2025-08-11,2054.52
8242,2025-08-18,2073.64
8242,2025-08-25,2043.73
8242,2025-09-01,2188.38
8242,2025-09-08,2203.09
8242,2025-09-15,2186.91
8242,2025-09-22,2227.12
8242,2025-09-29,2102.08
8242,2025-10-06,2011.73
8242,2025-10-13,2042.43
8242,2025-10-20,2068.18
8242,2025-10-27,2068.18
8242,2025-11-03,2081.55
8242,2025-11-10,2144.43
8242,2025-11-17,2127.1
8242,2025-11-24,2152.85
8242,2025-12-01,2063.23
8242,2025-12-08,2064.22
8242,2025-12-15,2097.39
8242,2025-12-22,2042.93
8242,2025-12-29,2034.51
8242,2026-01-05,2089.47
8242,2026-01-12,2117.2
8242,2026-01-19,2166.71
8242,2026-01-26,2091.45
8242,2026-02-02,2310.3
8242,2026-02-09,2422.2
8242,2026-02-16,2463.79
8242,2026-02-23,2427.65
8242,2026-03-02,2295.44
8242,2026-03-09,2250.39
8242,2026-03-16,2290.49
8242,2026-03-23,2442.5
8242,2026-03-30,2538.56
8242,2026-04-06,2547.5
8242,2026-04-13,2475.0
8242,2026-04-20,2318.5
8242,2026-04-27,2274.0
8242,2026-05-04,2316.0
8242,2026-05-11,2517.0
8242,2026-05-18,2574.5
8242,2026-05-25,2496.0
8242,2026-06-01,2529.5
8242,2026-06-08,2627.0
8242,2026-06-15,2574.0
8242,2026-06-22,2871.5
8283,2025-07-07,4038.34
8283,2025-07-14,4090.01
8283,2025-07-21,4143.64
8283,2025-07-28,4293.78
8283,2025-08-04,4337.66
8283,2025-08-11,4292.81
8283,2025-08-18,4516.08
8283,2025-08-25,4417.6
8283,2025-09-01,4549.22
8283,2025-09-08,4597.0
8283,2025-09-15,4542.4
8283,2025-09-22,4617.47
8283,2025-09-29,4478.05
8283,2025-10-06,4465.5
8283,2025-10-13,4496.09
8283,2025-10-20,4631.29
8283,2025-10-27,4488.2
8283,2025-11-03,4388.52
8283,2025-11-10,4491.16
8283,2025-11-17,4633.26
8283,2025-11-24,4638.2
8283,2025-12-01,4595.76
8283,2025-12-08,4730.96
8283,2025-12-15,4797.08
8283,2025-12-22,4751.68
8283,2025-12-29,4760.57
8283,2026-01-05,4866.16
8283,2026-01-12,4882.94
8283,2026-01-19,4953.0
8283,2026-01-26,4770.43
8283,2026-02-02,4905.63
8283,2026-02-09,4800.04
8283,2026-02-16,4850.37
8283,2026-02-23,4991.49
8283,2026-03-02,4730.96
8283,2026-03-09,4565.17
8283,2026-03-16,4571.09
8283,2026-03-23,4728.0
8283,2026-03-30,4872.08
8283,2026-04-06,4773.0
8283,2026-04-13,4667.0
8283,2026-04-20,4612.0
8283,2026-04-27,4645.0
8283,2026-05-04,4659.0
8283,2026-05-11,6631.0
8283,2026-05-18,6630.0
8283,2026-05-25,6630.0
8283,2026-06-01,6632.0
8283,2026-06-08,6637.0
8283,2026-06-15,6639.0
8283,2026-06-22,6638.0
8343,2025-07-07,2966.79
8343,2025-07-14,3043.6
8343,2025-07-21,3163.61
8343,2025-07-28,3182.82
8343,2025-08-04,3254.82
8343,2025-08-11,3355.64
8343,2025-08-18,3451.65
8343,2025-08-25,3384.44
8343,2025-09-01,3365.24
8343,2025-09-08,3456.45
8343,2025-09-15,3365.24
8343,2025-09-22,3451.65
8343,2025-09-29,3355.64
8343,2025-10-06,3378.11
8343,2025-10-13,3387.91
8343,2025-10-20,3505.58
8343,2025-10-27,3584.03
8343,2025-11-03,3637.96
8343,2025-11-10,3672.28
8343,2025-11-17,3672.28
8343,2025-11-24,3799.76
8343,2025-12-01,3868.4
8343,2025-12-08,3843.88
8343,2025-12-15,3888.01
8343,2025-12-22,3897.82
8343,2025-12-29,3946.84
8343,2026-01-05,4226.31
8343,2026-01-12,4549.9
8343,2026-01-19,4633.25
8343,2026-01-26,4971.55
8343,2026-02-02,5314.76
8343,2026-02-09,5383.4
8343,2026-02-16,5442.23
8343,2026-02-23,5501.07
8343,2026-03-02,5099.03
8343,2026-03-09,4902.91
8343,2026-03-16,4902.91
8343,2026-03-23,5050.0
8343,2026-03-30,5000.97
8343,2026-04-06,5490.0
8343,2026-04-13,5820.0
8343,2026-04-20,5220.0
8343,2026-04-27,5390.0
8343,2026-05-04,5480.0
8343,2026-05-11,5790.0
8343,2026-05-18,6140.0
8343,2026-05-25,5990.0
8343,2026-06-01,5920.0
8343,2026-06-08,6350.0
8343,2026-06-15,6170.0
8343,2026-06-22,6800.0
8366,2025-07-07,1222.47
8366,2025-07-14,1208.71
8366,2025-07-21,1226.4
8366,2025-07-28,1228.37
8366,2025-08-04,1249.99
8366,2025-08-11,1336.46
8366,2025-08-18,1312.88
8366,2025-08-25,1291.26
8366,2025-09-01,1301.09
8366,2025-09-08,1326.64
8366,2025-09-15,1265.71
8366,2025-09-22,1330.57
8366,2025-09-29,1253.92
8366,2025-10-06,1230.35
8366,2025-10-13,1210.51
8366,2025-10-20,1220.43
8366,2025-10-27,1236.31
8366,2025-11-03,1262.1
8366,2025-11-10,1230.35
8366,2025-11-17,1226.38
8366,2025-11-24,1349.42
8366,2025-12-01,1399.03
8366,2025-12-08,1454.59
8366,2025-12-15,1488.33
8366,2025-12-22,1424.83
8366,2025-12-29,1424.83
8366,2026-01-05,1514.13
8366,2026-01-12,1611.37
8366,2026-01-19,1629.23
8366,2026-01-26,1565.72
8366,2026-02-02,1722.49
8366,2026-02-09,1758.21
8366,2026-02-16,1744.32
8366,2026-02-23,1793.93
8366,2026-03-02,1694.71
8366,2026-03-09,1700.66
8366,2026-03-16,1746.31
8366,2026-03-23,1913.0
8366,2026-03-30,1886.21
8366,2026-04-06,2090.0
8366,2026-04-13,2056.0
8366,2026-04-20,1869.0
8366,2026-04-27,1886.0
8366,2026-05-04,1859.0
8366,2026-05-11,2056.0
8366,2026-05-18,2165.0
8366,2026-05-25,2002.0
8366,2026-06-01,2092.0
8366,2026-06-08,2268.0
8366,2026-06-15,2294.0
8366,2026-06-22,2412.0
8381,2025-07-07,1229.33
8381,2025-07-14,1235.1
8381,2025-07-21,1282.27
8381,2025-07-28,1242.8
8381,2025-08-04,1263.02
8381,2025-08-11,1312.11
8381,2025-08-18,1309.23
8381,2025-08-25,1297.68
8381,2025-09-01,1310.19
8381,2025-09-08,1318.85
8381,2025-09-15,1321.74
8381,2025-09-22,1371.8
8381,2025-09-29,1278.42
8381,2025-10-06,1302.08
8381,2025-10-13,1290.3
8381,2025-10-20,1320.74
8381,2025-10-27,1330.56
8381,2025-11-03,1336.45
8381,2025-11-10,1376.71
8381,2025-11-17,1374.75
8381,2025-11-24,1426.79
8381,2025-12-01,1430.72
8381,2025-12-08,1425.81
8381,2025-12-15,1451.34
8381,2025-12-22,1435.63
8381,2025-12-29,1462.14
8381,2026-01-05,1547.57
8381,2026-01-12,1596.67
8381,2026-01-19,1583.9
8381,2026-01-26,1549.54
8381,2026-02-02,1655.59
8381,2026-02-09,1720.4
8381,2026-02-16,1732.18
8381,2026-02-23,1738.07
8381,2026-03-02,1561.32
8381,2026-03-09,1660.5
8381,2026-03-16,1609.44
8381,2026-03-23,1742.0
8381,2026-03-30,1829.39
8381,2026-04-06,1985.0
8381,2026-04-13,1998.0
8381,2026-04-20,1793.0
8381,2026-04-27,1866.0
8381,2026-05-04,1887.0
8381,2026-05-11,1969.0
8381,2026-05-18,2113.0
8381,2026-05-25,2063.0
8381,2026-06-01,2094.0
8381,2026-06-08,2159.0
8381,2026-06-15,2186.0
8381,2026-06-22,2227.0
8387,2025-07-07,1157.55
8387,2025-07-14,1181.75
8387,2025-07-21,1197.23
8387,2025-07-28,1228.2
8387,2025-08-04,1250.46
8387,2025-08-11,1323.05
8387,2025-08-18,1387.9
8387,2025-08-25,1380.16
8387,2025-09-01,1391.77
8387,2025-09-08,1415.0
8387,2025-09-15,1383.06
8387,2025-09-22,1425.64
8387,2025-09-29,1370.48
8387,2025-10-06,1378.29
8387,2025-10-13,1376.31
8387,2025-10-20,1400.98
8387,2025-10-27,1435.51
8387,2025-11-03,1471.03
8387,2025-11-10,1495.69
8387,2025-11-17,1507.53
8387,2025-11-24,1642.7
8387,2025-12-01,1627.9
8387,2025-12-08,1635.79
8387,2025-12-15,1694.99
8387,2025-12-22,1708.8
8387,2025-12-29,1734.45
8387,2026-01-05,1866.66
8387,2026-01-12,1951.51
8387,2026-01-19,2011.69
8387,2026-01-26,2007.74
8387,2026-02-02,2284.98
8387,2026-02-09,2309.64
8387,2026-02-16,2375.75
8387,2026-02-23,2420.14
8387,2026-03-02,2272.15
8387,2026-03-09,2253.41
8387,2026-03-16,2273.14
8387,2026-03-23,2357.0
8387,2026-03-30,2329.38
8387,2026-04-06,2477.0
8387,2026-04-13,2700.0
8387,2026-04-20,2489.0
8387,2026-04-27,2548.0
8387,2026-05-04,2552.0
8387,2026-05-11,2694.0
8387,2026-05-18,2826.0
8387,2026-05-25,2749.0
8387,2026-06-01,2750.0
8387,2026-06-08,2893.0
8387,2026-06-15,2750.0
8387,2026-06-22,2942.0
8388,2025-07-07,2992.56
8388,2025-07-14,3011.96
8388,2025-07-21,3152.61
8388,2025-07-28,3113.81
8388,2025-08-04,3235.07
8388,2025-08-11,3366.02
8388,2025-08-18,3375.72
8388,2025-08-25,3366.02
8388,2025-09-01,3366.02
8388,2025-09-08,3463.03
8388,2025-09-15,3424.22
8388,2025-09-22,3560.03
8388,2025-09-29,3526.08
8388,2025-10-06,3495.93
8388,2025-10-13,3495.93
8388,2025-10-20,3545.24
8388,2025-10-27,3589.61
8388,2025-11-03,3643.85
8388,2025-11-10,3772.05
8388,2025-11-17,3860.81
8388,2025-11-24,4092.55
8388,2025-12-01,4161.59
8388,2025-12-08,4171.45
8388,2025-12-15,4289.79
8388,2025-12-22,4230.62
8388,2025-12-29,4324.3
8388,2026-01-05,4546.19
8388,2026-01-12,4916.0
8388,2026-01-19,4989.96
8388,2026-01-26,5118.16
8388,2026-02-02,5581.65
8388,2026-02-09,5709.85
8388,2026-02-16,5729.58
8388,2026-02-23,5907.08
8388,2026-03-02,5552.07
8388,2026-03-09,5384.42
8388,2026-03-16,5650.68
8388,2026-03-23,5877.5
8388,2026-03-30,6035.29
8388,2026-04-06,6510.0
8388,2026-04-13,6630.0
8388,2026-04-20,6170.0
8388,2026-04-27,6270.0
8388,2026-05-04,6160.0
8388,2026-05-11,6720.0
8388,2026-05-18,6870.0
8388,2026-05-25,6700.0
8388,2026-06-01,6750.0
8388,2026-06-08,6990.0
8388,2026-06-15,6820.0
8388,2026-06-22,7070.0
8524,2025-07-07,583.7
8524,2025-07-14,605.0
8524,2025-07-21,638.88
8524,2025-07-28,641.78
8524,2025-08-04,635.01
8524,2025-08-11,673.72
8524,2025-08-18,675.66
8524,2025-08-25,677.6
8524,2025-09-01,698.89
8524,2025-09-08,699.86
8524,2025-09-15,693.08
8524,2025-09-22,717.28
8524,2025-09-29,692.12
8524,2025-10-06,685.55
8524,2025-10-13,670.9
8524,2025-10-20,706.05
8524,2025-10-27,705.08
8524,2025-11-03,715.82
8524,2025-11-10,723.63
8524,2025-11-17,732.42
8524,2025-11-24,806.64
8524,2025-12-01,814.45
8524,2025-12-08,806.64
8524,2025-12-15,832.03
8524,2025-12-22,821.29
8524,2025-12-29,828.12
8524,2026-01-05,908.39
8524,2026-01-12,945.79
8524,2026-01-19,926.1
8524,2026-01-26,906.42
8524,2026-02-02,961.53
8524,2026-02-09,997.95
8524,2026-02-16,1031.41
8524,2026-02-23,1080.62
8524,2026-03-02,987.12
8524,2026-03-09,932.01
8524,2026-03-16,916.26
8524,2026-03-23,956.61
8524,2026-03-30,982.2
8524,2026-04-06,1035.54
8524,2026-04-13,1038.52
8524,2026-04-20,923.35
8524,2026-04-27,982.92
8524,2026-05-04,973.99
8524,2026-05-11,987.89
8524,2026-05-18,999.8
8524,2026-05-25,966.04
8524,2026-06-01,985.9
8524,2026-06-08,1012.71
8524,2026-06-15,1009.73
8524,2026-06-22,1111.0
9256,2025-07-07,782.24
9256,2025-07-14,782.24
9256,2025-07-21,782.24
9256,2025-07-28,792.04
9256,2025-08-04,798.9
9256,2025-08-11,801.84
9256,2025-08-18,813.6
9256,2025-08-25,823.41
9256,2025-09-01,817.53
9256,2025-09-08,823.41
9256,2025-09-15,812.62
9256,2025-09-22,819.49
9256,2025-09-29,824.39
9256,2025-10-06,823.41
9256,2025-10-13,800.86
9256,2025-10-20,827.33
9256,2025-10-27,797.92
9256,2025-11-03,803.8
9256,2025-11-10,801.84
9256,2025-11-17,783.22
9256,2025-11-24,793.02
9256,2025-12-01,805.76
9256,2025-12-08,780.28
9256,2025-12-15,781.26
9256,2025-12-22,776.36
9256,2025-12-29,786.16
9256,2026-01-05,797.92
9256,2026-01-12,803.8
9256,2026-01-19,796.94
9256,2026-01-26,792.04
9256,2026-02-02,795.96
9256,2026-02-09,794.98
9256,2026-02-16,813.6
9256,2026-02-23,822.43
9256,2026-03-02,794.98
9256,2026-03-09,794.0
9256,2026-03-16,792.04
9256,2026-03-23,794.0
9256,2026-03-30,784.2
9256,2026-04-06,802.0
9256,2026-04-13,798.0
9256,2026-04-20,777.0
9256,2026-04-27,786.0
9256,2026-05-04,808.0
9256,2026-05-11,1724.0
9256,2026-05-18,2346.0
9256,2026-05-25,2703.0
9256,2026-06-01,3250.0
9256,2026-06-08,3340.0
9256,2026-06-15,2540.0
9256,2026-06-22,5410.0
9502,2025-07-07,1732.6
9502,2025-07-14,1755.89
9502,2025-07-21,1821.88
9502,2025-07-28,1825.27
9502,2025-08-04,1915.03
9502,2025-08-11,1975.68
9502,2025-08-18,2018.86
9502,2025-08-25,1974.71
9502,2025-09-01,2009.16
9502,2025-09-08,2051.37
9502,2025-09-15,1996.06
9502,2025-09-22,2049.43
9502,2025-09-29,1982.96
9502,2025-10-06,2031.17
9502,2025-10-13,2092.35
9502,2025-10-20,2077.55
9502,2025-10-27,2116.52
9502,2025-11-03,2196.94
9502,2025-11-10,2271.44
9502,2025-11-17,2297.59
9502,2025-11-24,2407.61
9502,2025-12-01,2233.95
9502,2025-12-08,2299.07
9502,2025-12-15,2326.2
9502,2025-12-22,2381.95
9502,2025-12-29,2379.98
9502,2026-01-05,2196.45
9502,2026-01-12,2150.07
9502,2026-01-19,2250.23
9502,2026-01-26,2219.14
9502,2026-02-02,2391.33
9502,2026-02-09,2583.25
9502,2026-02-16,2539.34
9502,2026-02-23,2602.49
9502,2026-03-02,2450.04
9502,2026-03-09,2484.08
9502,2026-03-16,2536.38
9502,2026-03-23,2601.5
9502,2026-03-30,2696.72
9502,2026-04-06,2783.0
9502,2026-04-13,2892.5
9502,2026-04-20,2601.5
9502,2026-04-27,2652.0
9502,2026-05-04,2698.0
9502,2026-05-11,2715.5
9502,2026-05-18,2717.5
9502,2026-05-25,2925.0
9502,2026-06-01,2795.5
9502,2026-06-08,2809.0
9502,2026-06-15,2822.0
9502,2026-06-22,2999.5
9539,2025-07-07,1076.21
9539,2025-07-14,1075.23
9539,2025-07-21,1119.34
9539,2025-07-28,1152.66
9539,2025-08-04,1160.5
9539,2025-08-11,1180.11
9539,2025-08-18,1157.56
9539,2025-08-25,1136.98
9539,2025-09-01,1136.98
9539,2025-09-08,1153.64
9539,2025-09-15,1144.82
9539,2025-09-22,1192.85
9539,2025-09-29,1174.22
9539,2025-10-06,1150.7
9539,2025-10-13,1152.66
9539,2025-10-20,1155.6
9539,2025-10-27,1147.76
9539,2025-11-03,1114.44
9539,2025-11-10,1129.14
9539,2025-11-17,1125.22
9539,2025-11-24,1141.88
9539,2025-12-01,1146.78
9539,2025-12-08,1155.6
9539,2025-12-15,1143.84
9539,2025-12-22,1171.28
9539,2025-12-29,1156.58
9539,2026-01-05,1178.22
9539,2026-01-12,1178.22
9539,2026-01-19,1172.28
9539,2026-01-26,1164.35
9539,2026-02-02,1173.27
9539,2026-02-09,1255.51
9539,2026-02-16,1263.44
9539,2026-02-23,1377.4
9539,2026-03-02,1368.48
9539,2026-03-09,1336.77
9539,2026-03-16,1381.36
9539,2026-03-23,1319.92
9539,2026-03-30,1269.39
9539,2026-04-06,1325.87
9539,2026-04-13,1257.5
9539,2026-04-20,1361.54
9539,2026-04-27,1347.67
9539,2026-05-04,1385.33
9539,2026-05-11,1344.7
9539,2026-05-18,1367.49
9539,2026-05-25,1347.67
9539,2026-06-01,1366.5
9539,2026-06-08,1358.57
9539,2026-06-15,1314.97
9539,2026-06-22,1421.0
9639,2025-07-07,1931.54
9639,2025-07-14,1929.62
9639,2025-07-21,1930.58
9639,2025-07-28,1958.45
9639,2025-08-04,1969.98
9639,2025-08-11,2005.54
9639,2025-08-18,1988.24
9639,2025-08-25,1989.2
9639,2025-09-01,1989.2
9639,2025-09-08,1978.63
9639,2025-09-15,1969.98
9639,2025-09-22,1989.2
9639,2025-09-29,1969.98
9639,2025-10-06,2006.84
9639,2025-10-13,1983.32
9639,2025-10-20,2001.94
9639,2025-10-27,1966.66
9639,2025-11-03,1955.88
9639,2025-11-10,1958.82
9639,2025-11-17,1958.82
9639,2025-11-24,1971.56
9639,2025-12-01,1970.58
9639,2025-12-08,1988.22
9639,2025-12-15,2061.71
9639,2025-12-22,2052.89
9639,2025-12-29,2085.23
9639,2026-01-05,2071.51
9639,2026-01-12,2093.07
9639,2026-01-19,2091.11
9639,2026-01-26,2084.25
9639,2026-02-02,2104.83
9639,2026-02-09,2113.65
9639,2026-02-16,2190.08
9639,2026-02-23,2227.32
9639,2026-03-02,2221.44
9639,2026-03-09,2191.06
9639,2026-03-16,2167.54
9639,2026-03-23,2194.0
9639,2026-03-30,2104.83
9639,2026-04-06,2163.0
9639,2026-04-13,2170.0
9639,2026-04-20,2160.0
9639,2026-04-27,2155.0
9639,2026-05-04,2130.0
9639,2026-05-11,2178.0
9639,2026-05-18,2149.0
9639,2026-05-25,2148.0
9639,2026-06-01,2139.0
9639,2026-06-08,2150.0
9639,2026-06-15,2222.0
9639,2026-06-22,2262.0
9882,2025-07-07,1486.78
9882,2025-07-14,1491.6
9882,2025-07-21,1523.37
9882,2025-07-28,1470.41
9882,2025-08-04,1558.04
9882,2025-08-11,1594.63
9882,2025-08-18,1604.26
9882,2025-08-25,1595.59
9882,2025-09-01,1644.7
9882,2025-09-08,1643.74
9882,2025-09-15,1651.44
9882,2025-09-22,1670.7
9882,2025-09-29,1541.67
9882,2025-10-06,1553.19
9882,2025-10-13,1555.14
9882,2025-10-20,1599.21
9882,2025-10-27,1521.85
9882,2025-11-03,1478.76
9882,2025-11-10,1542.41
9882,2025-11-17,1617.82
9882,2025-11-24,1633.49
9882,2025-12-01,1579.63
9882,2025-12-08,1600.19
9882,2025-12-15,1630.55
9882,2025-12-22,1618.8
9882,2025-12-29,1606.07
9882,2026-01-05,1629.57
9882,2026-01-12,1609.01
9882,2026-01-19,1674.62
9882,2026-01-26,1652.1
9882,2026-02-02,1616.84
9882,2026-02-09,1644.26
9882,2026-02-16,1681.48
9882,2026-02-23,1722.61
9882,2026-03-02,1637.41
9882,2026-03-09,1547.31
9882,2026-03-16,1510.1
9882,2026-03-23,1562.0
9882,2026-03-30,1514.01
9882,2026-04-06,1596.0
9882,2026-04-13,1561.0
9882,2026-04-20,1520.0
9882,2026-04-27,1506.0
9882,2026-05-04,1497.0
9882,2026-05-11,1637.0
9882,2026-05-18,1630.0
9882,2026-05-25,1655.0
9882,2026-06-01,1663.0
9882,2026-06-08,1733.0
9882,2026-06-15,1773.0
9882,2026-06-22,1763.0
